"","cell","Monocle_cluster","EpiTraceAge_iterative"
"1","AAACATCGACGTATCA","5",0.119824415707676
"2","AAACATCGAGATCGCA","2",0.258275002965951
"3","AAACATCGATCCTGTA","4",0.87317594020643
"4","AAACATCGATTGAGGA","5",0.771265867837229
"5","AAACATCGCAAGACTA","3",0.916597461146043
"6","AAACATCGCACTTCGA","5",0.488076877446909
"7","AAACATCGCGAACTTA","3",0.834381302645628
"8","AAACATCGCGCATACA","3",0.360303713370507
"9","AAACATCGCTGAGCCA","4",0.522837821805671
"10","AAACATCGGAATCTGA","3",0.0460315577174042
"11","AAACATCGGATAGACA","3",0.589868311780757
"12","AAACATCGGCCACATA","2",0.224463162890023
"13","AAACATCGGCGAGTAA","5",0.860363032388184
"14","AAACATCGGCTAACGA","4",0.87804009965595
"15","AAACATCGGGAGAACA","3",0.285205836991339
"16","AAACATCGGGTGCGAA","4",0.875430062878159
"17","AAACATCGGTACGCAA","3",0.963578123146281
"18","AAACATCGGTCGTAGA","3",0.812077351999051
"19","AAACATCGGTCTGTCA","2",0.600189820856567
"20","AAACATCGGTGTTCTA","5",0.921817534701625
"21","AAACATCGTAGGATGA","1",0.881124688575157
"22","AAACATCGTATCAGCA","4",0.910428283307628
"23","AAACATCGTCCGTCTA","2",0.975916478823111
"24","AAACATCGTCTTCACA","1",0.768062640882667
"25","AAACATCGTGAAGAGA","3",0.780163720488789
"26","AAACATCGTGGCTTCA","5",0.388420927749436
"27","AAACATCGTGGTGGTA","4",0.351049946612884
"28","AACAACCAAACAACCA","5",0.704591291968205
"29","AACAACCAAACCGAGA","3",0.910665559378337
"30","AACAACCAAACGCTTA","3",0.65049234784672
"31","AACAACCAAAGACGGA","5",0.289714082334797
"32","AACAACCAAAGAGATC","3",0.564005220073556
"33","AACAACCAAAGGACAC","3",0.981255190414047
"34","AACAACCAAATCCGTC","3",0.888480246767114
"35","AACAACCAACTATGCA","4",0.818839720014237
"36","AACAACCAAGAGTCAA","3",0.289476806264088
"37","AACAACCAAGTACAAG","2",0.485822754775181
"38","AACAACCACACCTTAC","5",0.913868786332898
"39","AACAACCACAGATCTG","2",0.62783248309408
"40","AACAACCACCATCCTC","3",0.937477755368371
"41","AACAACCACGACACAC","1",0.595325661407047
"42","AACAACCACGGATTGC","1",0.817890615731404
"43","AACAACCAGAACAGGC","2",0.622256495432436
"44","AACAACCAGAACCAGA","6",0.59081741606359
"45","AACAACCAGACAGTGC","6",0.186736267647408
"46","AACAACCAGAGTTAGC","3",0.515482263613715
"47","AACAACCAGATAGACA","4",0.441096215446672
"48","AACAACCAGATGAATC","5",0.830584885514296
"49","AACAACCAGCCAAGAC","3",0.365049234784672
"50","AACAACCAGCGAGTAA","2",0.2596986593902
"51","AACAACCAGCTAACGA","5",0.527227429113774
"52","AACAACCAGCTCGGTA","3",0.437892988492111
"53","AACAACCAGGAGAACA","4",0.369676118163483
"54","AACAACCAGGTGCGAA","1",0.995491754656543
"55","AACAACCAGTACGCAA","1",0.365998339067505
"56","AACAACCAGTCGTAGA","7",0.956222564954324
"57","AACAACCAGTCTGTCA","6",0.725827500296595
"58","AACAACCAGTGTTCTA","1",0.85193973187804
"59","AACAACCATAGGATGA","1",0.577411318068573
"60","AACAACCATATCAGCA","7",0.950527939257326
"61","AACAACCATCCGTCTA","1",0.403487958239412
"62","AACAACCATCTTCACA","3",0.443468976153755
"63","AACAACCATGAAGAGA","7",0.810535057539447
"64","AACAACCATGGAACAA","1",0.229208684304188
"65","AACAACCATGGCTTCA","4",0.554276901174517
"66","AACAACCATGGTGGTA","3",0.79712895954443
"67","AACAACCATTCACGCA","3",0.590580139992882
"68","AACAACCATTGCTGGA","1",0.046743385929529
"69","AACCGAGAAACAACCA","3",0.804840431842449
"70","AACCGAGAAACGTGAT","2",0.554158263139162
"71","AACCGAGAAAGAGATC","3",0.948985644797722
"72","AACCGAGAAAGGACAC","4",0.906869142247004
"73","AACCGAGAAGCACCTC","2",0.553920987068454
"74","AACCGAGAAGTACAAG","4",0.67516905920038
"75","AACCGAGAATAGCGAC","1",0.931783129671373
"76","AACCGAGACCGACAAC","4",0.166449163601851
"77","AACCGAGACCTCTATC","5",0.897615375489382
"78","AACCGAGACGACACAC","5",0.664728912089216
"79","AACCGAGAGAGTTAGC","2",0.0302526990153043
"80","AACCGAGAGATGAATC","2",0.528295171431961
"81","AACCGAGAGCCAAGAC","1",0.189820856566615
"82","AACCGAGAGCTAACGA","2",0.824534345711235
"83","AACCGAGAGGTGCGAA","1",0.586665084826195
"84","AACCGAGAGTACGCAA","1",0.898208565666153
"85","AACCGAGAGTCGTAGA","1",0.872226835923597
"86","AACCGAGAGTCTGTCA","1",0.388302289714082
"87","AACCGAGAGTGTTCTA","1",0.891683473721675
"88","AACCGAGATAGGATGA","5",0.804959069877803
"89","AACCGAGATATCAGCA","1",0.143907936884565
"90","AACCGAGATCCGTCTA","1",0.695456163245937
"91","AACCGAGATCTTCACA","1",0.620121010796061
"92","AACCGAGATGAAGAGA","1",0.498279748487365
"93","AACCGAGATGGAACAA","1",0.728912089215803
"94","AACCGAGATGGCTTCA","1",0.392454620951477
"95","AACCGAGATGGTGGTA","7",0.997034049116147
"96","AACCGAGATTCACGCA","1",0.71076046980662
"97","AACGCTTAAAGAGATC","3",0.590461501957528
"98","AACGCTTAAAGGACAC","5",0.762842567327085
"99","AACGCTTAACAGATTC","4",0.920868430418792
"100","AACGCTTAAGATCGCA","3",0.151382133111876
"101","AACGCTTAAGCCATGC","1",0.852651560090165
"102","AACGCTTAAGTACAAG","7",0.787163364574683
"103","AACGCTTAATCCTGTA","4",0.51880412860363
"104","AACGCTTACCTAATCC","3",0.997389963222209
"105","AACGCTTACCTCTATC","4",0.171787875192787
"106","AACGCTTACGACACAC","7",0.742436825246174
"107","AACGCTTACTAAGGTC","5",0.346778977340135
"108","AACGCTTACTGTAGCC","3",0.254715861905327
"109","AACGCTTAGAGTTAGC","2",0.516194091825839
"110","AACGCTTAGGTGCGAA","3",0.960256258156365
"111","AACGCTTAGTACGCAA","1",0.885277019812552
"112","AACGCTTAGTCGTAGA","1",0.905326847787401
"113","AACGCTTAGTCTGTCA","6",0.851227903665915
"114","AACGCTTAGTGTTCTA","1",0.635069403250682
"115","AACGCTTATAGGATGA","1",0.291375014829754
"116","AACGCTTATATCAGCA","1",0.744572309882548
"117","AACGCTTATCCGTCTA","1",0.699371218412623
"118","AACGCTTATCTTCACA","1",0.956341202989679
"119","AACGCTTATGAAGAGA","6",0.418910902835449
"120","AACGCTTATGGAACAA","1",0.49009372404793
"121","AACGCTTATGGCTTCA","1",0.16727962984933
"122","AACGCTTATGGTGGTA","7",0.789892039387828
"123","AACGCTTATTCACGCA","1",0.822754775180923
"124","AACGTGATAGAGTCAA","5",0.898920393878277
"125","AACGTGATCAAGACTA","3",0.930715387353185
"126","AACGTGATCGCATACA","4",0.689405623442876
"127","AACGTGATCTCAATGA","3",0.059081741606359
"128","AACGTGATGATAGACA","3",0.0587258275002966
"129","AACGTGATGCCACATA","2",0.606358998694982
"130","AACGTGATGCGAGTAA","3",0.851821093842686
"131","AACGTGATGCTAACGA","4",0.978526515600902
"132","AACGTGATGCTCGGTA","1",0.459366472891209
"133","AACGTGATGGAGAACA","1",0.780756910665559
"134","AACGTGATGTACGCAA","1",0.852888836160873
"135","AACGTGATGTCGTAGA","2",0.826669830347609
"136","AACGTGATGTCTGTCA","2",0.977814687388777
"137","AACGTGATGTGTTCTA","7",0.956459841025033
"138","AACGTGATTAGGATGA","1",0.80804365879701
"139","AACGTGATTATCAGCA","3",0.918021117570293
"140","AACGTGATTCCGTCTA","1",0.492229208684304
"141","AACGTGATTCTTCACA","5",0.885395657847906
"142","AACGTGATTGGAACAA","3",0.829991695337525
"143","AACTCACCGAACCAGA","3",0.675287697235734
"144","AACTCACCGAGTTAGC","5",0.101435520227785
"145","AACTCACCTTGCTGGA","1",0.915885632933919
"146","AAGACGGAAACGTGAT","3",0.465061098588207
"147","AAGACGGAAAGAGATC","4",0.875904615019575
"148","AAGACGGAAAGGACAC","3",0.288171787875193
"149","AAGACGGAAATCCGTC","5",0.645034998220429
"150","AAGACGGAACAGATTC","3",0.911851939731878
"151","AAGACGGAACTATGCA","2",0.432672914936529
"152","AAGACGGAAGATCGCA","2",0.286154941274173
"153","AAGACGGAAGCACCTC","3",0.591291968205007
"154","AAGACGGAAGCAGGAA","5",0.362795112112943
"155","AAGACGGAAGCCATGC","3",0.974492822398861
"156","AAGACGGAAGTACAAG","1",0.473247123027643
"157","AAGACGGAAGTCACTA","3",0.850871989559853
"158","AAGACGGAATAGCGAC","3",0.353897259461383
"159","AAGACGGAATTGAGGA","6",0.158737691303832
"160","AAGACGGAATTGGCTC","5",0.489381895835805
"161","AAGACGGACAACCACA","3",0.925732589868312
"162","AAGACGGACAATGGAA","3",0.820500652509194
"163","AAGACGGACCATCCTC","3",0.848261952782062
"164","AAGACGGACCTCTATC","4",0.284849922885277
"165","AAGACGGACGCTGATC","5",0.680151856685253
"166","AAGACGGACTAAGGTC","2",0.592715624629256
"167","AAGACGGACTGTAGCC","3",0.218531261122316
"168","AAGACGGAGAACAGGC","4",0.827737572665797
"169","AAGACGGAGAACCAGA","3",0.0955036184600783
"170","AAGACGGAGACAGTGC","5",0.0284731284849923
"171","AAGACGGAGACTAGTA","3",0.866057658085182
"172","AAGACGGAGAGTTAGC","2",0.776011389251394
"173","AAGACGGAGCCAAGAC","3",0.9842211412979
"174","AAGACGGAGGAGAACA","5",0.0556412385810891
"175","AAGACGGAGTACGCAA","3",0.964289951358405
"176","AAGACGGAGTCGTAGA","1",0.468027049472061
"177","AAGACGGAGTCTGTCA","6",0.477636730335746
"178","AAGACGGAGTGTTCTA","1",0.778740064064539
"179","AAGACGGATAGGATGA","1",0.349982204294697
"180","AAGACGGATATCAGCA","1",0.913987424368252
"181","AAGACGGATCCGTCTA","1",0.938545497686558
"182","AAGACGGATCTTCACA","1",0.934037252343101
"183","AAGACGGATGAAGAGA","1",0.929766283070352
"184","AAGACGGATGGAACAA","1",0.517380472179381
"185","AAGACGGATGGCTTCA","1",0.531023846245106
"186","AAGACGGATGGTGGTA","3",0.773994542650374
"187","AAGACGGATTCACGCA","7",0.513702693083403
"188","AAGACGGATTGCTGGA","1",0.410843516431368
"189","AAGAGATCCGGAAGAA","5",0.565547514533159
"190","AAGAGATCGAACCAGA","3",0.924308933444062
"191","AAGAGATCGATGAATC","5",0.656542887649781
"192","AAGAGATCGCCAAGAC","5",0.866769486297307
"193","AAGGACACGAACAGGC","5",0.0558785146517974
"194","AAGGACACGAGTTAGC","2",0.662237513346779
"195","AAGGTACAAACGTGAT","2",0.386285443113062
"196","AAGGTACAAAGAGATC","5",0.359235971052319
"197","AAGGTACAAAGGACAC","7",0.764859413928105
"198","AAGGTACAAATGTTGC","3",0.41606358998695
"199","AAGGTACAACAAGCTA","3",0.754181990746233
"200","AAGGTACAACACAGAA","3",0.708387709099537
"201","AAGGTACAACACGACC","2",0.4906869142247
"202","AAGGTACAACAGCAGA","2",0.649424605528532
"203","AAGGTACAAGAGTCAA","2",0.712540040336932
"204","AAGGTACAAGATCGCA","4",0.352236326966425
"205","AAGGTACAAGCACCTC","3",0.0428283307628426
"206","AAGGTACAAGCAGGAA","3",0.63874718234666
"207","AAGGTACAAGCCATGC","5",0.983034760944359
"208","AAGGTACAAGTCACTA","1",0.682287341321628
"209","AAGGTACAATCATTCC","3",0.626646102740539
"210","AAGGTACAATGCCTAA","3",0.500415233123739
"211","AAGGTACAATTGAGGA","5",0.403013406097995
"212","AAGGTACACACTTCGA","3",0.176414758571598
"213","AAGGTACACGACTGGA","3",0.343575750385574
"214","AAGGTACACGGATTGC","5",0.663542531735674
"215","AAGGTACAGAACCAGA","1",0.619765096689999
"216","AAGGTACAGACAGTGC","5",0.520583699133942
"217","AAGGTACAGAGTTAGC","1",0.166330525566497
"218","AAGGTACAGATAGACA","2",0.217819432910191
"219","AAGGTACAGATGAATC","3",0.247241665678016
"220","AAGGTACAGCCAAGAC","2",0.299442401233836
"221","AAGGTACAGGTGCGAA","2",0.230157788587021
"222","AAGGTACAGTCGTAGA","1",0.557598766164432
"223","AAGGTACAGTCTGTCA","7",0.477043540158975
"224","AAGGTACAGTGACAAG","1",0.424724166567802
"225","AAGGTACAGTGTTCTA","1",0.77589275121604
"226","AAGGTACATAGGATGA","1",0.403843872345474
"227","AAGGTACATATCAGCA","1",0.88349744928224
"228","AAGGTACATCCGTCTA","1",0.893225768181279
"229","AAGGTACATCTTCACA","1",0.749436469332068
"230","AAGGTACATGAAGAGA","1",0.746470518448215
"231","AAGGTACATGGAACAA","5",0.881599240716574
"232","AAGGTACATGGCTTCA","1",0.910546921342983
"233","AAGGTACATGGTGGTA","3",0.98908530074742
"234","AAGGTACATTCACGCA","4",0.841143670660814
"235","AAGGTACATTGCTGGA","3",0.491873294578242
"236","AATCCGTCAGGCTAAC","2",0.529718827856211
"237","AATGTTGCCGGATTGC","2",0.296832364456045
"238","AATGTTGCGAGTTAGC","5",0.462806975916479
"239","AATGTTGCGCCAAGAC","3",0.442519871870922
"240","ACAAGCTAAACGCTTA","2",0.863210345236683
"241","ACAAGCTAAACGTGAT","5",0.415944951951596
"242","ACAAGCTAACAAGCTA","4",0.93083402538854
"243","ACAAGCTAACAGCAGA","5",0.0968086368489738
"244","ACAAGCTAACCACTGT","2",0.566022066674576
"245","ACAAGCTAACCTCCAA","4",0.880412860363032
"246","ACAAGCTAATCATTCC","5",0.34950765215328
"247","ACAAGCTAATCCTGTA","4",0.228140941986001
"248","ACAAGCTAATGCCTAA","3",0.591054692134298
"249","ACAAGCTACAAGGAGC","3",0.889547989085301
"250","ACAAGCTACAGATCTG","2",0.464111994305374
"251","ACAAGCTACCTAATCC","2",0.974255546328153
"252","ACAAGCTACGACACAC","2",0.395183295764622
"253","ACAAGCTACGACTGGA","4",0.260647763673034
"254","ACAAGCTAGATGAATC","2",0.447739945426504
"255","ACAAGCTAGCCAAGAC","5",0.871870921817535
"256","ACAAGCTAGCTAACGA","3",0.777553683710998
"257","ACAAGCTAGCTCGGTA","3",0.667101672796299
"258","ACAAGCTAGGAGAACA","3",0.713014592478349
"259","ACAAGCTAGGTGCGAA","1",0.661644323170008
"260","ACAAGCTAGTACGCAA","5",0.608019931189939
"261","ACAAGCTAGTCGTAGA","1",0.454502313441689
"262","ACAAGCTAGTCTGTCA","2",0.560920631154348
"263","ACAAGCTAGTGTTCTA","6",0.693320678609562
"264","ACAAGCTATAGGATGA","3",0.154110807925021
"265","ACAAGCTATATCAGCA","1",0.542769011745165
"266","ACAAGCTATCCGTCTA","1",0.326729149365287
"267","ACAAGCTATCTTCACA","1",0.611697710285918
"268","ACAAGCTATGAAGAGA","1",0.789298849211057
"269","ACAAGCTATGGAACAA","2",0.661169771028592
"270","ACAAGCTATGGCTTCA","3",0.851465179736624
"271","ACAAGCTATGGTGGTA","1",0.834618578716336
"272","ACAAGCTATTCACGCA","4",0.067030489975086
"273","ACACAGAAAACGTGAT","3",0.518922766638985
"274","ACACAGAAACAAGCTA","4",0.482263613714557
"275","ACACAGAAACAGATTC","3",0.940206430181516
"276","ACACAGAAATAGCGAC","5",0.877209633408471
"277","ACACAGAAATGCCTAA","4",0.560090164906869
"278","ACACAGAACAAGGAGC","3",0.51132993237632
"279","ACACAGAACAGATCTG","1",0.922885277019813
"280","ACACAGAACATCAAGT","3",0.582156839482738
"281","ACACAGAACCATCCTC","1",0.988492110570649
"282","ACACAGAACCGACAAC","7",0.784197413690829
"283","ACACAGAACGACACAC","7",0.698540752165144
"284","ACACAGAACGCTGATC","4",0.729505279392573
"285","ACACAGAACGGAAGAA","1",0.948748368727014
"286","ACACAGAACGGATTGC","7",0.959425791908886
"287","ACACAGAAGAACCAGA","7",0.918258393641001
"288","ACACAGAAGACAGTGC","3",0.716929647645035
"289","ACACAGAAGAGTTAGC","1",0.582394115553446
"290","ACACAGAAGATAGACA","4",0.625459722386997
"291","ACACAGAAGATGAATC","7",0.977696049353423
"292","ACACAGAAGCCAAGAC","1",0.932020405742081
"293","ACACAGAAGTGACAAG","3",0.864989915766995
"294","ACACAGAATAGGATGA","1",0.490924190295409
"295","ACACAGAATATCAGCA","1",0.917309289358168
"296","ACACAGAATCCGTCTA","7",0.985882073792858
"297","ACACAGAATCTTCACA","1",0.97532328864634
"298","ACACAGAATGAAGAGA","1",0.811840075928343
"299","ACACAGAATGGAACAA","4",0.387471823466603
"300","ACACAGAATGGCTTCA","3",0.513821331118757
"301","ACACAGAATGGTGGTA","4",0.434215209396132
"302","ACACAGAATTGCTGGA","1",0.900699964408589
"303","ACACGACCGTGACAAG","4",0.769486297306917
"304","ACAGATTCCACCTTAC","2",0.186854905682762
"305","ACAGATTCGTGACAAG","1",0.103452366828805
"306","ACAGATTCTTGCTGGA","2",0.976153754893819
"307","ACAGCAGAAACGTGAT","2",0.747182346660339
"308","ACAGCAGAAAGGACAC","3",0.917783841499585
"309","ACAGCAGAAATGTTGC","5",0.433622019219362
"310","ACAGCAGAACACAGAA","3",0.746233242377506
"311","ACAGCAGAACATTGGC","1",0.705184482144976
"312","ACAGCAGAACCACTGT","5",0.867481314509432
"313","ACAGCAGAACGCTCGA","3",0.701150788942935
"314","ACAGCAGAACGTATCA","1",0.24130976391031
"315","ACAGCAGAACTATGCA","1",0.555344643492704
"316","ACAGCAGAAGAGTCAA","3",0.631866176296121
"317","ACAGCAGAAGATCGCA","5",0.707082690710642
"318","ACAGCAGAAGATGTAC","3",0.535294815517855
"319","ACAGCAGAAGCAGGAA","1",0.966544074030134
"320","ACAGCAGAAGCCATGC","7",0.967137264206905
"321","ACAGCAGAAGTCACTA","4",0.904021829398505
"322","ACAGCAGAATCATTCC","3",0.955866650848262
"323","ACAGCAGAATCCTGTA","3",0.503143907936885
"324","ACAGCAGAATGCCTAA","3",0.245699371218413
"325","ACAGCAGACAACCACA","3",0.342389370032032
"326","ACAGCAGACAATGGAA","4",0.202277850278799
"327","ACAGCAGACACTTCGA","3",0.914106062403607
"328","ACAGCAGACAGATCTG","5",0.95064657729268
"329","ACAGCAGACGGAAGAA","3",0.475382607664017
"330","ACAGCAGAGAACCAGA","1",0.53600664372998
"331","ACAGCAGAGACTAGTA","5",0.64218768537193
"332","ACAGCAGAGCCAAGAC","5",0.317831296713726
"333","ACAGCAGAGGAGAACA","2",0.632578004508245
"334","ACAGCAGAGTCGTAGA","5",0.900818602443944
"335","ACAGCAGAGTCTGTCA","3",0.305255664966188
"336","ACAGCAGAGTGACAAG","5",0.782536481195871
"337","ACAGCAGAGTGTTCTA","1",0.673033574564005
"338","ACAGCAGATAGGATGA","1",0.564479772214972
"339","ACAGCAGATATCAGCA","1",0.889666627120655
"340","ACAGCAGATCCGTCTA","1",0.955392098706845
"341","ACAGCAGATCTTCACA","1",0.629612053624392
"342","ACAGCAGATGAAGAGA","3",0.850397437418436
"343","ACAGCAGATGGCTTCA","6",0.139399691541108
"344","ACAGCAGATGGTGGTA","1",0.285324475026694
"345","ACAGCAGATTCACGCA","1",0.567920275240242
"346","ACAGCAGATTGCTGGA","1",0.837109977458773
"347","ACATTGGCAAGACGGA","2",0.328508719895599
"348","ACATTGGCACAAGCTA","2",0.131806857278443
"349","ACATTGGCACAGCAGA","5",0.845177363862854
"350","ACATTGGCACGCTCGA","3",0.822992051251631
"351","ACATTGGCACGTATCA","4",0.80116265274647
"352","ACATTGGCCGACTGGA","3",0.826551192312255
"353","ACATTGGCGGTGCGAA","1",0.594613833194922
"354","ACATTGGCGTACGCAA","1",0.68264325542769
"355","ACATTGGCGTCGTAGA","3",0.899988136196465
"356","ACATTGGCGTCTGTCA","3",0.662474789417487
"357","ACATTGGCGTGTTCTA","1",0.768655831059438
"358","ACATTGGCTAGGATGA","1",0.761656186973544
"359","ACATTGGCTATCAGCA","6",0.49899157669949
"360","ACATTGGCTCCGTCTA","4",0.710404555700558
"361","ACATTGGCTCTTCACA","3",0.920156602206668
"362","ACATTGGCTGAAGAGA","1",0.943409657136078
"363","ACATTGGCTGGAACAA","1",0.586071894649425
"364","ACATTGGCTGGTGGTA","5",0.0470993000355914
"365","ACCACTGTAGCAGGAA","4",0.783485585478705
"366","ACCACTGTATCCTGTA","3",0.679440028473128
"367","ACCACTGTCAATGGAA","3",0.583105943765571
"368","ACCACTGTCTCAATGA","2",0.940562344287579
"369","ACCACTGTGGAGAACA","5",0.971764147585716
"370","ACCACTGTGGTGCGAA","4",0.984932969510025
"371","ACCACTGTGTACGCAA","2",0.989915766994899
"372","ACCACTGTGTCGTAGA","3",0.982441570767588
"373","ACCACTGTGTCTGTCA","3",0.422232767825365
"374","ACCACTGTGTGTTCTA","3",0.78680745046862
"375","ACCACTGTTAGGATGA","3",0.889310713014593
"376","ACCACTGTTATCAGCA","4",0.926088503974374
"377","ACCACTGTTCCGTCTA","3",0.791790247953494
"378","ACCACTGTTCTTCACA","3",0.588444655356507
"379","ACCACTGTTGAAGAGA","3",0.174397911970578
"380","ACCACTGTTGGAACAA","3",0.926207142009728
"381","ACCACTGTTGGCTTCA","4",0.842448689049709
"382","ACCTCCAAAACGTGAT","1",0.425198718709218
"383","ACCTCCAAAAGAGATC","3",0.392929173092894
"384","ACCTCCAAACACAGAA","3",0.630561157907225
"385","ACCTCCAAACCACTGT","3",0.809823229327322
"386","ACCTCCAAAGATGTAC","5",0.949934749080555
"387","ACCTCCAAAGCACCTC","2",0.767350812670542
"388","ACCTCCAAAGCCATGC","3",0.880768774469095
"389","ACCTCCAAATAGCGAC","3",0.914343338474315
"390","ACCTCCAAATCATTCC","3",0.911021473484399
"391","ACCTCCAAATGCCTAA","3",0.671372642069047
"392","ACCTCCAACAGATCTG","3",0.910784197413691
"393","ACCTCCAACATCAAGT","3",0.920275240242022
"394","ACCTCCAACCATCCTC","2",0.676118163483213
"395","ACCTCCAACCGACAAC","1",0.525329220548108
"396","ACCTCCAACGACACAC","4",0.512279036659153
"397","ACCTCCAACGCTGATC","5",0.422351405860719
"398","ACCTCCAACGGAAGAA","1",0.0371337050658441
"399","ACCTCCAACGGATTGC","3",0.802704947206074
"400","ACCTCCAAGAACAGGC","3",0.452366828805315
"401","ACCTCCAAGAACCAGA","1",0.808518210938427
"402","ACCTCCAAGAGTTAGC","5",0.275121603986238
"403","ACCTCCAAGCCAAGAC","3",0.906394590105588
"404","ACCTCCAAGTCTGTCA","7",0.825958002135485
"405","ACCTCCAAGTGACAAG","3",0.440147111163839
"406","ACCTCCAAGTGTTCTA","7",0.633052556649662
"407","ACCTCCAATAGGATGA","3",0.409894412148535
"408","ACCTCCAATATCAGCA","1",0.691659746114604
"409","ACCTCCAATCCGTCTA","4",0.267410131688219
"410","ACCTCCAATCTTCACA","3",0.969628662949342
"411","ACCTCCAATGAAGAGA","1",0.536481195871396
"412","ACCTCCAATGGAACAA","1",0.311424842804603
"413","ACCTCCAATGGCTTCA","3",0.484992288527702
"414","ACCTCCAATGGTGGTA","3",0.525566496618816
"415","ACCTCCAATTCACGCA","1",0.987543006287816
"416","ACCTCCAATTGCTGGA","1",0.847075572428521
"417","ACGCTCGAAACGTGAT","5",0.64361134179618
"418","ACGCTCGAACATTGGC","3",0.939850516075454
"419","ACGCTCGAACCACTGT","2",0.904970933681338
"420","ACGCTCGAACGCTCGA","3",0.820026100367778
"421","ACGCTCGAAGAGTCAA","7",0.810060505398031
"422","ACGCTCGAAGATCGCA","3",0.429113773875905
"423","ACGCTCGAAGCACCTC","4",0.946019693913869
"424","ACGCTCGAAGCCATGC","5",0.973069165974611
"425","ACGCTCGAATAGCGAC","7",0.485941392810535
"426","ACGCTCGAATCATTCC","3",0.300984695693439
"427","ACGCTCGAATTGGCTC","3",0.708506347134891
"428","ACGCTCGACAAGGAGC","3",0.205125163127299
"429","ACGCTCGACACCTTAC","4",0.383912682405979
"430","ACGCTCGACAGATCTG","3",0.471704828568039
"431","ACGCTCGACCATCCTC","3",0.751097401827026
"432","ACGCTCGACCGACAAC","4",0.634120298967849
"433","ACGCTCGACCTAATCC","3",0.715031439079369
"434","ACGCTCGACCTCTATC","4",0.375133467789773
"435","ACGCTCGACGACACAC","5",0.84446553565073
"436","ACGCTCGACGCTGATC","5",0.369794756198837
"437","ACGCTCGACGGAAGAA","2",0.715268715150077
"438","ACGCTCGACGGATTGC","4",0.874955510736742
"439","ACGCTCGACTAAGGTC","3",0.802349033100012
"440","ACGCTCGAGAACAGGC","3",0.960849448333136
"441","ACGCTCGAGAACCAGA","4",0.870447265393285
"442","ACGCTCGAGACAGTGC","3",0.660813856922529
"443","ACGCTCGAGAGTTAGC","3",0.496025625815636
"444","ACGCTCGAGCCAAGAC","3",0.79855261596868
"445","ACGCTCGAGTACGCAA","7",0.706370862498517
"446","ACGCTCGAGTCGTAGA","3",0.965832245818009
"447","ACGCTCGAGTCTGTCA","3",0.802467671135366
"448","ACGCTCGAGTGACAAG","5",0.540870803179499
"449","ACGCTCGAGTGTTCTA","1",0.599833906750504
"450","ACGCTCGATAGGATGA","3",0.86629493415589
"451","ACGCTCGATCTTCACA","7",0.953731166211888
"452","ACGCTCGATGAAGAGA","5",0.602443943528295
"453","ACGCTCGATGGAACAA","1",0.593427452841381
"454","ACGCTCGATGGCTTCA","7",0.879819670186262
"455","ACGCTCGATGGTGGTA","3",0.648475501245699
"456","ACGCTCGATTCACGCA","2",0.850634713489145
"457","ACGCTCGATTGCTGGA","3",0.803772689524262
"458","ACGTATCAAACGTGAT","4",0.673982678846838
"459","ACGTATCAACATTGGC","3",0.362083283900819
"460","ACGTATCAACCACTGT","1",0.916716099181398
"461","ACGTATCAACGCTCGA","4",0.556531023846245
"462","ACGTATCAACGTATCA","4",0.903547277257089
"463","ACGTATCAACTATGCA","7",0.470518448214498
"464","ACGTATCAAGCACCTC","4",0.414758571598054
"465","ACGTATCAAGCCATGC","5",0.852177007948748
"466","ACGTATCAAGGCTAAC","3",0.988254834499941
"467","ACGTATCAATAGCGAC","2",0.895005338711591
"468","ACGTATCAATCATTCC","1",0.449994068098232
"469","ACGTATCAATTGGCTC","1",0.720132874599597
"470","ACGTATCACAAGGAGC","7",0.921105706489501
"471","ACGTATCACACCTTAC","4",0.779689168347372
"472","ACGTATCACAGATCTG","2",0.179143433384743
"473","ACGTATCACCATCCTC","3",0.462688337881125
"474","ACGTATCACCGACAAC","7",0.981729742555463
"475","ACGTATCACCTAATCC","5",0.88693795230751
"476","ACGTATCACCTCTATC","3",0.539565784790604
"477","ACGTATCACGACACAC","3",0.786095622256495
"478","ACGTATCACGGAAGAA","4",0.674931783129671
"479","ACGTATCACGGATTGC","3",0.811602799857634
"480","ACGTATCACTAAGGTC","3",0.143552022778503
"481","ACGTATCAGAACAGGC","4",0.795823941155534
"482","ACGTATCAGAACCAGA","7",0.887412504448926
"483","ACGTATCAGACAGTGC","3",0.894768062640883
"484","ACGTATCAGAGTTAGC","3",0.519871870921818
"485","ACGTATCAGATGAATC","4",0.923122553090521
"486","ACGTATCAGCCAAGAC","3",0.72796298493297
"487","ACGTATCAGCCACATA","2",0.35235496500178
"488","ACGTATCAGTACGCAA","3",0.377506228496856
"489","ACGTATCAGTCGTAGA","3",0.917190651322814
"490","ACGTATCAGTGACAAG","3",0.90615731403488
"491","ACGTATCATAGGATGA","1",0.737809941867363
"492","ACGTATCATATCAGCA","4",0.539328508719896
"493","ACGTATCATCCGTCTA","3",0.786570174397912
"494","ACGTATCATCTTCACA","7",0.750266935579547
"495","ACGTATCATGAAGAGA","3",0.904377743504568
"496","ACGTATCATGGAACAA","1",0.824059793569819
"497","ACGTATCATGGCTTCA","3",0.986949816111045
"498","ACGTATCATGGTGGTA","3",0.666152568513465
"499","ACGTATCATTCACGCA","3",0.341084351643137
"500","ACGTATCATTGCTGGA","3",0.362201921936173
"501","ACTATGCAAACGTGAT","7",0.745165500059319
"502","ACTATGCAAAGGTACA","3",0.755131095029066
"503","ACTATGCAACAGCAGA","2",0.767706726776605
"504","ACTATGCAACATTGGC","3",0.0487602325305493
"505","ACTATGCAACCACTGT","4",0.360896903547277
"506","ACTATGCAACCTCCAA","4",0.582987305730217
"507","ACTATGCAACGCTCGA","1",0.44821449756792
"508","ACTATGCAACGTATCA","4",0.798908530074742
"509","ACTATGCAACTATGCA","1",0.808992763079843
"510","ACTATGCAAGAGTCAA","1",0.778146873887768
"511","ACTATGCAAGATCGCA","1",0.410487602325306
"512","ACTATGCAAGATGTAC","2",0.562818839720014
"513","ACTATGCAAGCACCTC","4",0.996203582868668
"514","ACTATGCAAGCAGGAA","1",0.620002372760707
"515","ACTATGCAAGCCATGC","3",0.932376319848143
"516","ACTATGCAAGGCTAAC","4",0.629967967730454
"517","ACTATGCAAGTCACTA","4",0.857634357575039
"518","ACTATGCAATAGCGAC","3",0.700557598766164
"519","ACTATGCAATCATTCC","3",0.525922410724878
"520","ACTATGCAATCCTGTA","5",0.750860125756317
"521","ACTATGCAATGCCTAA","4",0.850278799383082
"522","ACTATGCAATTGAGGA","7",0.820975204650611
"523","ACTATGCAATTGGCTC","3",0.911970577767232
"524","ACTATGCACAACCACA","1",0.284731284849923
"525","ACTATGCACAAGGAGC","7",0.861549412741725
"526","ACTATGCACAATGGAA","4",0.266816941511449
"527","ACTATGCACACCTTAC","3",0.965239055641239
"528","ACTATGCACACTTCGA","7",0.778977340135247
"529","ACTATGCACAGATCTG","2",0.95408708031795
"530","ACTATGCACAGCGTTA","6",0.721437892988492
"531","ACTATGCACATACCAA","3",0.683948273816586
"532","ACTATGCACCATCCTC","4",0.813382370387946
"533","ACTATGCACCGACAAC","4",0.982916122909005
"534","ACTATGCACCTAATCC","3",0.493059674931783
"535","ACTATGCACCTCTATC","7",0.700676236801519
"536","ACTATGCACGACACAC","1",0.915411080792502
"537","ACTATGCACGGAAGAA","3",0.505516668643967
"538","ACTATGCACGGATTGC","3",0.808162296832364
"539","ACTATGCACTAAGGTC","5",0.988017558429232
"540","ACTATGCAGAACAGGC","3",0.608257207260648
"541","ACTATGCAGAACCAGA","3",0.929529006999644
"542","ACTATGCAGACTAGTA","3",0.602799857634358
"543","ACTATGCAGAGTTAGC","4",0.665678016372049
"544","ACTATGCAGATGAATC","4",0.798789892039388
"545","ACTATGCAGCCACATA","4",0.724759757978408
"546","ACTATGCAGTACGCAA","3",0.436587970103215
"547","ACTATGCAGTCGTAGA","3",0.987898920393878
"548","ACTATGCAGTCTGTCA","4",0.894886700676237
"549","ACTATGCAGTGACAAG","4",0.86427808755487
"550","ACTATGCAGTGTTCTA","3",0.727607070826907
"551","ACTATGCATAGGATGA","1",0.886107486060031
"552","ACTATGCATATCAGCA","1",0.894174872464112
"553","ACTATGCATGAAGAGA","3",0.719895598528888
"554","ACTATGCATGGAACAA","4",0.99311899394946
"555","ACTATGCATGGCTTCA","1",0.905564123858109
"556","ACTATGCATGGTGGTA","5",0.340728437537074
"557","ACTATGCATTGCTGGA","5",0.933918614307747
"558","AGAGTCAAAACGTGAT","3",0.759757978407878
"559","AGAGTCAAACATTGGC","7",0.751571953968442
"560","AGAGTCAAACCACTGT","3",0.705540396251038
"561","AGAGTCAAACGTATCA","3",0.492941036896429
"562","AGAGTCAAACTATGCA","3",0.307272511567208
"563","AGAGTCAAAGATGTAC","1",0.876260529125638
"564","AGAGTCAAAGCACCTC","2",0.827500296595088
"565","AGAGTCAAAGCCATGC","4",0.987187092181753
"566","AGAGTCAAAGGCTAAC","4",0.525447858583462
"567","AGAGTCAAATAGCGAC","3",0.23786926088504
"568","AGAGTCAAATCATTCC","3",0.676474077589275
"569","AGAGTCAAATTGGCTC","5",0.83556768299917
"570","AGAGTCAACAAGGAGC","3",0.767469450705896
"571","AGAGTCAACACCTTAC","7",0.967255902242259
"572","AGAGTCAACCATCCTC","3",0.936410013050184
"573","AGAGTCAACCGACAAC","7",0.589275121603986
"574","AGAGTCAACCTAATCC","1",0.888124332661051
"575","AGAGTCAACCTCTATC","1",0.448095859532566
"576","AGAGTCAACGACACAC","1",0.314272155653102
"577","AGAGTCAACGGAAGAA","2",0.455807331830585
"578","AGAGTCAACGGATTGC","3",0.689286985407522
"579","AGAGTCAACTAAGGTC","3",0.411436706608139
"580","AGAGTCAAGAACAGGC","3",0.994661288409064
"581","AGAGTCAAGAACCAGA","1",0.856922529362914
"582","AGAGTCAAGACAGTGC","1",0.270494720607427
"583","AGAGTCAAGAGTTAGC","6",0.741724997034049
"584","AGAGTCAAGATGAATC","1",0.977102859176652
"585","AGAGTCAAGCCAAGAC","3",0.998339067505042
"586","AGAGTCAAGCCACATA","3",0.287104045557006
"587","AGAGTCAAGCTAACGA","1",0.238343813026456
"588","AGAGTCAAGTACGCAA","3",0.673864040811484
"589","AGAGTCAAGTCGTAGA","3",0.646458654644679
"590","AGAGTCAAGTGACAAG","1",0.818483805908174
"591","AGAGTCAAGTGTTCTA","1",0.669593071538735
"592","AGAGTCAATAGGATGA","3",0.86226124095385
"593","AGAGTCAATCCGTCTA","4",0.880650136433741
"594","AGAGTCAATCTTCACA","4",0.984339779333254
"595","AGAGTCAATGAAGAGA","2",0.862379878989204
"596","AGAGTCAATGGCTTCA","2",0.630086605765809
"597","AGAGTCAATGGTGGTA","5",0.833194922292087
"598","AGAGTCAATTGCTGGA","3",0.976391030964527
"599","AGATCGCAAACGTGAT","5",0.50444892632578
"600","AGATCGCAACAGATTC","3",0.615612765452604
"601","AGATCGCAACCACTGT","4",0.410013050183889
"602","AGATCGCAACCTCCAA","4",0.690592003796417
"603","AGATCGCAAGCACCTC","3",0.949341558903785
"604","AGATCGCAAGCCATGC","3",0.836516787282003
"605","AGATCGCAAGGCTAAC","5",0.84849922885277
"606","AGATCGCAATAGCGAC","3",0.98018744809586
"607","AGATCGCAATCATTCC","4",0.981848380590817
"608","AGATCGCAATGCCTAA","4",0.943053743030015
"609","AGATCGCAATTGGCTC","7",0.882192430893344
"610","AGATCGCACAAGGAGC","1",0.182465298374659
"611","AGATCGCACACCTTAC","7",0.90331000118638
"612","AGATCGCACCATCCTC","1",0.649305967493178
"613","AGATCGCACCGACAAC","3",0.88005694625697
"614","AGATCGCACCTAATCC","3",0.722980187448096
"615","AGATCGCACCTCTATC","4",0.912919682050065
"616","AGATCGCACGACACAC","4",0.785621070115079
"617","AGATCGCACGGAAGAA","1",0.769960849448333
"618","AGATCGCACGGATTGC","4",0.760351168584648
"619","AGATCGCACTAAGGTC","1",0.607664017083877
"620","AGATCGCAGAACAGGC","3",0.531972950527939
"621","AGATCGCAGAACCAGA","1",0.821449756792027
"622","AGATCGCAGACAGTGC","7",0.532091588563293
"623","AGATCGCAGAGTTAGC","3",0.895242614782299
"624","AGATCGCAGATAGACA","3",0.614663661169771
"625","AGATCGCAGATGAATC","3",0.838770909953731
"626","AGATCGCAGCCAAGAC","1",0.982678846838296
"627","AGATCGCAGTCTGTCA","4",0.438130264562819
"628","AGATCGCAGTGACAAG","2",0.963934037252343
"629","AGATCGCAGTGTTCTA","6",0.514177245224819
"630","AGATCGCATAGGATGA","1",0.969154110807925
"631","AGATCGCATCCGTCTA","1",0.784316051726183
"632","AGATCGCATCTTCACA","3",0.760469806620002
"633","AGATCGCATGAAGAGA","4",0.869023608969036
"634","AGATCGCATGGTGGTA","3",0.971170957408945
"635","AGATCGCATTGCTGGA","1",0.295645984102503
"636","AGATGTACCCTAATCC","2",0.0786570174397912
"637","AGATGTACGAACCAGA","5",0.833432198362795
"638","AGATGTACGCCAAGAC","5",0.694744335033812
"639","AGCACCTCATAGCGAC","1",0.0525566496618816
"640","AGCACCTCATTGGCTC","3",0
"641","AGCACCTCCAAGGAGC","2",0.310119824415708
"642","AGCACCTCGAACCAGA","2",0.169059200379642
"643","AGCACCTCGCCAAGAC","3",0.783129671372642
"644","AGCACCTCGTGACAAG","3",0.604935342270732
"645","AGCAGGAAAACGTGAT","1",0.840313204413335
"646","AGCAGGAAACGTATCA","3",0.503499822042947
"647","AGCAGGAAATGCCTAA","3",0.658322458180092
"648","AGCAGGAACGCTGATC","2",0.758808874125044
"649","AGCAGGAATAGGATGA","1",0.909479179024795
"650","AGCAGGAATATCAGCA","1",0.541819907462332
"651","AGCAGGAATCCGTCTA","1",0.991932613595919
"652","AGCAGGAATCTTCACA","1",0.953612528176533
"653","AGCAGGAATGAAGAGA","1",0.993237631984814
"654","AGCAGGAATGGAACAA","1",0.96500177957053
"655","AGGCTAACCACCTTAC","5",0.0263376438486179
"656","AGGCTAACGACAGTGC","5",0.787756554751453
"657","AGTACAAGAACAACCA","2",0.399810179143433
"658","AGTACAAGAACGTGAT","3",0.78336694744335
"659","AGTACAAGAAGACGGA","5",0.220548107723336
"660","AGTACAAGAAGGACAC","3",0.921461620595563
"661","AGTACAAGAAGGTACA","1",0.56270020168466
"662","AGTACAAGACATTGGC","4",0.642899513584055
"663","AGTACAAGACCTCCAA","4",0.475619883734725
"664","AGTACAAGACTATGCA","5",0.8292798671254
"665","AGTACAAGAGATCGCA","2",0.155415826313916
"666","AGTACAAGAGCCATGC","5",0.639340372523431
"667","AGTACAAGAGTACAAG","1",0.72855617510974
"668","AGTACAAGCAAGGAGC","5",0.68466010202871
"669","AGTACAAGCCGACAAC","3",0.544429944240123
"670","AGTACAAGCCTAATCC","5",0.372760707082691
"671","AGTACAAGCCTCCTGA","5",0.923715743267291
"672","AGTACAAGCCTCTATC","5",0.628662949341559
"673","AGTACAAGGATGAATC","3",0.866532210226599
"674","AGTACAAGGCTAACGA","4",0.592122434452485
"675","AGTACAAGGGAGAACA","2",0.780400996559497
"676","AGTACAAGGGTGCGAA","3",0.57302171076047
"677","AGTACAAGGTACGCAA","1",0.99252580377269
"678","AGTACAAGGTCGTAGA","6",0.905445485822755
"679","AGTACAAGGTCTGTCA","1",0.820619290544549
"680","AGTACAAGGTGTTCTA","1",0.82524617392336
"681","AGTACAAGTAGGATGA","1",0.453315933088148
"682","AGTACAAGTATCAGCA","3",0.842330051014355
"683","AGTACAAGTCCGTCTA","1",0.775655475145332
"684","AGTACAAGTCTTCACA","4",0.991695337525211
"685","AGTACAAGTGAAGAGA","1",0.535413453553209
"686","AGTACAAGTGGAACAA","6",0.243682524617392
"687","AGTACAAGTGGCTTCA","1",0.709811365523787
"688","AGTACAAGTGGTGGTA","1",0.387234547395895
"689","AGTACAAGTTCACGCA","3",0.856092063115435
"690","AGTCACTAAACGTGAT","4",0.851109265630561
"691","AGTCACTAACAGATTC","5",0.98623798789892
"692","AGTCACTAACCACTGT","3",0.219124451299086
"693","AGTCACTAACCTCCAA","3",0.427690117451655
"694","AGTCACTAACGTATCA","7",0.714438248902598
"695","AGTCACTAACTATGCA","5",0.58393641001305
"696","AGTCACTAAGAGTCAA","7",0.932732233954206
"697","AGTCACTAAGATGTAC","5",0.839720014236564
"698","AGTCACTAAGCACCTC","4",0.867244038438723
"699","AGTCACTAAGGCTAAC","3",0.884446553565073
"700","AGTCACTAAGTCACTA","5",0.962273104757385
"701","AGTCACTAATAGCGAC","1",0.635188041286036
"702","AGTCACTAATCATTCC","1",0.95610392691897
"703","AGTCACTAATCCTGTA","2",0.463637442163958
"704","AGTCACTAATGCCTAA","3",0.884209277494365
"705","AGTCACTAATTGGCTC","5",0.907936884565192
"706","AGTCACTACAAGGAGC","3",0.908055522600546
"707","AGTCACTACACCTTAC","1",0.984695693439317
"708","AGTCACTACCATCCTC","1",0.881836516787282
"709","AGTCACTACCGACAAC","3",0.84102503262546
"710","AGTCACTACCTAATCC","1",0.857041167398268
"711","AGTCACTACCTCTATC","1",0.925613951832958
"712","AGTCACTACGACACAC","1",0.808874125044489
"713","AGTCACTACGCTGATC","2",0.817534701625341
"714","AGTCACTACGGAAGAA","1",0.953849804247242
"715","AGTCACTACGGATTGC","7",0.735793095266342
"716","AGTCACTACTAAGGTC","1",0.445011270613359
"717","AGTCACTAGAACAGGC","7",0.795586665084826
"718","AGTCACTAGAACCAGA","3",0.918970221853126
"719","AGTCACTAGACAGTGC","3",0.970696405267529
"720","AGTCACTAGAGTTAGC","3",0.954798908530075
"721","AGTCACTAGATGAATC","1",0.997271325186855
"722","AGTCACTAGCCAAGAC","1",0.980543362201922
"723","AGTCACTAGCGAGTAA","5",0.888005694625697
"724","AGTCACTAGTGACAAG","1",0.98967849092419
"725","AGTCACTATCTTCACA","5",0.893700320322695
"726","AGTCACTATGAAGAGA","3",0.357930952663424
"727","AGTCACTATGGCTTCA","4",0.925139399691541
"728","AGTCACTATTGCTGGA","1",0.997627239292917
"729","AGTGGTCAACGTATCA","5",0.347728081622968
"730","AGTGGTCACCGTGAGA","5",0.757741131806857
"731","AGTGGTCACGAACTTA","4",0.983865227191838
"732","AGTGGTCACGACTGGA","5",0.189939494601969
"733","AGTGGTCACTCAATGA","2",0.0322695456163246
"734","AGTGGTCACTGGCATA","2",0.9081741606359
"735","AGTGGTCAGAATCTGA","7",0.78621426029185
"736","AGTGGTCAGAGCTGAA","4",0.812314628069759
"737","AGTGGTCAGCTCGGTA","3",0.0461501957527583
"738","AGTGGTCAGGAGAACA","3",0.901055878514652
"739","AGTGGTCAGGTGCGAA","5",0.793332542413098
"740","AGTGGTCAGTACGCAA","2",0.960018982085657
"741","AGTGGTCAGTCGTAGA","2",0.506347134891446
"742","AGTGGTCAGTCTGTCA","2",0.28923953019338
"743","AGTGGTCAGTGTTCTA","1",0.670779451892277
"744","AGTGGTCATAGGATGA","4",0.0454383675406335
"745","AGTGGTCATATCAGCA","3",0.188041286036303
"746","AGTGGTCATCCGTCTA","4",0.348439909835093
"747","AGTGGTCATCTTCACA","4",0
"748","AGTGGTCATGAAGAGA","3",0.0160161347728082
"749","AGTGGTCATGGAACAA","5",0.0107960612172262
"750","AGTGGTCATTCACGCA","4",0.762249377150314
"751","ATAGCGACGAACAGGC","2",0.464349270376083
"752","ATAGCGACGAGTTAGC","4",0.489619171906513
"753","ATCATTCCCCATCCTC","5",0.841974136908293
"754","ATCATTCCCGACACAC","5",0.611460434215209
"755","ATCATTCCCGGATTGC","2",0.619527820619291
"756","ATCATTCCGAACCAGA","1",0.172618341440266
"757","ATCATTCCGTGACAAG","3",0.730691659746115
"758","ATCATTCCTTGCTGGA","1",0.424130976391031
"759","ATCCTGTAAACGTGAT","1",0.89927630798434
"760","ATCCTGTAACATTGGC","3",0.296357812314628
"761","ATCCTGTAACCACTGT","7",0.943646933206786
"762","ATCCTGTAACGTATCA","5",0.414877209633408
"763","ATCCTGTAACTATGCA","3",0.864752639696287
"764","ATCCTGTAAGAGTCAA","3",0.98078063827263
"765","ATCCTGTAAGATCGCA","3",0.173330169652391
"766","ATCCTGTAAGATGTAC","7",0.769130383200854
"767","ATCCTGTAAGCACCTC","5",0.863922173448808
"768","ATCCTGTAAGCCATGC","2",0.438011626527465
"769","ATCCTGTAAGGCTAAC","1",0.979001067742318
"770","ATCCTGTAAGTCACTA","3",0.824178431605173
"771","ATCCTGTAATAGCGAC","1",0.947324712302764
"772","ATCCTGTAATCATTCC","1",0.734606714912801
"773","ATCCTGTAATGCCTAA","3",0.765333966069522
"774","ATCCTGTAATTGGCTC","6",0.809111401115198
"775","ATCCTGTACAAGGAGC","1",0.768418554988729
"776","ATCCTGTACACCTTAC","1",0.856685253292205
"777","ATCCTGTACAGATCTG","3",0.911377387590461
"778","ATCCTGTACCATCCTC","1",0.419148178906157
"779","ATCCTGTACCGACAAC","6",0.863328983272037
"780","ATCCTGTACCTAATCC","1",0.503974374184364
"781","ATCCTGTACCTCTATC","6",0.926681694151145
"782","ATCCTGTACGACACAC","1",0.973425080080674
"783","ATCCTGTACGCTGATC","4",0.936528651085538
"784","ATCCTGTACGGAAGAA","1",0.465891564835686
"785","ATCCTGTACGGATTGC","1",0.837940443706252
"786","ATCCTGTACTAAGGTC","1",0.355320915885633
"787","ATCCTGTAGAACAGGC","1",0.431011982441571
"788","ATCCTGTAGAACCAGA","1",0.986831178075691
"789","ATCCTGTAGACAGTGC","3",0.935935460908767
"790","ATCCTGTAGAGTTAGC","1",0.836635425317357
"791","ATCCTGTAGATGAATC","1",0.787993830822162
"792","ATCCTGTAGCCAAGAC","1",0.976509668999881
"793","ATCCTGTAGTGACAAG","1",0.633408470755724
"794","ATCCTGTATCTTCACA","3",0.409657136077827
"795","ATCCTGTATGAAGAGA","2",0.820856566615257
"796","ATCCTGTATTGCTGGA","1",0.972238699727133
"797","ATGCCTAACACTTCGA","2",0.305611579072251
"798","ATGCCTAACCGTGAGA","3",0.878396013762012
"799","ATGCCTAACGACTGGA","2",0.561869735437181
"800","ATGCCTAACGCATACA","1",0.765096689998814
"801","ATGCCTAACTCAATGA","3",0.385573614900937
"802","ATGCCTAAGAATCTGA","4",0.40918258393641
"803","ATGCCTAAGACTAGTA","3",0.0606240360659627
"804","ATGCCTAAGATAGACA","3",0.417368608375845
"805","ATGCCTAAGCTAACGA","4",0.44963815399217
"806","ATGCCTAAGGAGAACA","3",0.805789536125282
"807","ATGCCTAAGTCGTAGA","2",0.34060979950172
"808","ATGCCTAAGTGTTCTA","3",0.989441214853482
"809","ATGCCTAATAGGATGA","1",0.805433622019219
"810","ATGCCTAATATCAGCA","3",0.0422351405860719
"811","ATGCCTAATCCGTCTA","3",0.726776604579428
"812","ATGCCTAATCTTCACA","1",0.00249139874243683
"813","ATGCCTAATGAAGAGA","2",0.637916716099181
"814","ATTGAGGAAACGTGAT","1",0.938664135721912
"815","ATTGAGGAACATTGGC","1",0.681694151144857
"816","ATTGAGGAACCACTGT","3",0.829873057302171
"817","ATTGAGGAACGCTCGA","5",0.199074623324238
"818","ATTGAGGAACGTATCA","3",0.513939969154111
"819","ATTGAGGAACTATGCA","1",0.497923834381303
"820","ATTGAGGAAGAGTCAA","1",0.435994779926444
"821","ATTGAGGAAGATCGCA","3",0.701743979119706
"822","ATTGAGGAAGCACCTC","1",0
"823","ATTGAGGAAGCCATGC","2",0.226005457349626
"824","ATTGAGGAAGGCTAAC","1",0.735555819195634
"825","ATTGAGGAATAGCGAC","6",0.769249021236208
"826","ATTGAGGAATCATTCC","5",0.458180092537668
"827","ATTGAGGAATCCTGTA","2",0.372879345118045
"828","ATTGAGGAATGCCTAA","1",0.932257681812789
"829","ATTGAGGAATTGGCTC","1",0.561157907225056
"830","ATTGAGGACAAGGAGC","6",0.386404081148416
"831","ATTGAGGACACCTTAC","1",0.602681219599003
"832","ATTGAGGACAGATCTG","3",0.501720251512635
"833","ATTGAGGACATCAAGT","3",0.658085182109384
"834","ATTGAGGACCATCCTC","1",0.662593427452841
"835","ATTGAGGACCGACAAC","1",0.62095147704354
"836","ATTGAGGACCTAATCC","1",0.518092300391506
"837","ATTGAGGACCTCTATC","6",0.494483331356033
"838","ATTGAGGACGACACAC","1",0.537667576224938
"839","ATTGAGGACGCTGATC","4",0.43184244868905
"840","ATTGAGGACGGAAGAA","7",0.973543718116028
"841","ATTGAGGACGGATTGC","1",0.7532328864634
"842","ATTGAGGACTAAGGTC","7",0.271087910784197
"843","ATTGAGGAGAACAGGC","1",0.485110926563056
"844","ATTGAGGAGAACCAGA","1",0.776604579428165
"845","ATTGAGGAGACAGTGC","1",0.489856447977221
"846","ATTGAGGAGAGTTAGC","7",0.980662000237276
"847","ATTGAGGAGATGAATC","1",0.909835093130858
"848","ATTGAGGAGCCAAGAC","1",0.981017914343339
"849","ATTGAGGAGTGACAAG","1",0.545734962629019
"850","ATTGAGGATGGAACAA","2",0.423300510143552
"851","ATTGAGGATGGCTTCA","2",0.817297425554633
"852","ATTGAGGATTGCTGGA","7",0.647526396962866
"853","ATTGGCTCATAGCGAC","5",0.370506584410962
"854","ATTGGCTCCCATCCTC","5",0.602206667457587
"855","ATTGGCTCCGGAAGAA","1",0.870921817534702
"856","ATTGGCTCCGGATTGC","3",0.606121722624273
"857","ATTGGCTCGAACAGGC","3",0.619290544548582
"858","ATTGGCTCGAACCAGA","4",0.645390912326492
"859","ATTGGCTCGAGTTAGC","5",0.579309526634239
"860","ATTGGCTCGATGAATC","3",0.677541819907462
"861","ATTGGCTCGCCAAGAC","7",0.855142958832602
"862","ATTGGCTCGTGACAAG","3",0.582868667694863
"863","ATTGGCTCTTGCTGGA","7",0.847668762605291
"864","CAACCACAAACGTGAT","1",0.896547633171195
"865","CAACCACAACAAGCTA","4",0.487483687270139
"866","CAACCACAACATTGGC","3",0.227073199667814
"867","CAACCACAACCACTGT","3",0.966899988136196
"868","CAACCACAAGATGTAC","3",0.535650729623917
"869","CAACCACAAGCACCTC","2",0.851346541701269
"870","CAACCACAAGCCATGC","5",0.243919800688101
"871","CAACCACAAGGCTAAC","2",0.792383438130265
"872","CAACCACAATAGCGAC","7",0.882429706964053
"873","CAACCACAATCATTCC","1",0.360066437299798
"874","CAACCACAATGCCTAA","1",0.608138569225294
"875","CAACCACAATTGGCTC","1",0.856566615256851
"876","CAACCACACAACCACA","2",0.404674338592953
"877","CAACCACACAAGGAGC","7",0.876141891090284
"878","CAACCACACACCTTAC","1",0.443824890259817
"879","CAACCACACAGATCTG","7",0.827381658559734
"880","CAACCACACATCAAGT","1",0.685134654170127
"881","CAACCACACCATCCTC","1",0.451417724522482
"882","CAACCACACCGACAAC","1",0.843635069403251
"883","CAACCACACCTAATCC","1",0.803179499347491
"884","CAACCACACCTCTATC","1",0.248902598172974
"885","CAACCACACGACACAC","1",0.319966781350101
"886","CAACCACACGGAAGAA","4",0.15351761774825
"887","CAACCACACGGATTGC","1",0.595562937477755
"888","CAACCACACTAAGGTC","7",0.854549768655831
"889","CAACCACAGAACAGGC","1",0.38106536955748
"890","CAACCACAGAACCAGA","1",0.974730098469569
"891","CAACCACAGACAGTGC","6",0.979238343813026
"892","CAACCACAGAGTTAGC","1",0.413572191244513
"893","CAACCACAGATGAATC","1",0.545260410487602
"894","CAACCACAGCCAAGAC","3",0.763791671609918
"895","CAACCACAGTGACAAG","3",0.345948511092656
"896","CAACCACATGGCTTCA","2",0.632696642543599
"897","CAACCACATTGCTGGA","4",0.961679914580615
"898","CAAGACTAAGCCATGC","4",0.0867244038438723
"899","CAAGACTAATAGCGAC","4",0.0239648831415352
"900","CAAGACTACCGACAAC","4",0.837821805670898
"901","CAAGACTACCTAATCC","1",0.057302171076047
"902","CAAGACTACCTCTATC","3",0.401233835567683
"903","CAAGACTACGACACAC","1",0.586309170720133
"904","CAAGACTACGGAAGAA","1",0.52165144145213
"905","CAAGACTACGGATTGC","1",0.945426503737098
"906","CAAGACTACTAAGGTC","1",0.116383912682406
"907","CAAGACTAGAACAGGC","1",0.761418910902835
"908","CAAGACTAGAACCAGA","1",0.917546565428876
"909","CAAGACTAGACAGTGC","1",0.935223632696643
"910","CAAGACTAGAGTTAGC","1",0.860600308458892
"911","CAAGACTAGATGAATC","3",0.519990508957172
"912","CAAGACTAGCCAAGAC","7",0.931545853600664
"913","CAAGACTAGTGACAAG","1",0.819670186261716
"914","CAAGACTATGAAGAGA","2",0.707675880887413
"915","CAAGACTATTGCTGGA","1",0.891208921580259
"916","CAAGGAGCATAGCGAC","3",0.323763198481433
"917","CAAGGAGCCAAGGAGC","2",0.441926681694151
"918","CAAGGAGCCACCTTAC","5",0.0385573614900937
"919","CAAGGAGCCGACACAC","3",0.260766401708388
"920","CAAGGAGCCGGAAGAA","1",0.888598884802468
"921","CAAGGAGCCGGATTGC","3",0.480009491042828
"922","CAAGGAGCCTAAGGTC","5",0.849329695100249
"923","CAAGGAGCGAACAGGC","1",0.854668406691185
"924","CAAGGAGCGAACCAGA","1",0.855973425080081
"925","CAAGGAGCGACAGTGC","1",0.968916834737217
"926","CAAGGAGCGAGTTAGC","1",0.728081622968324
"927","CAAGGAGCGATGAATC","1",0.678490924190295
"928","CAAGGAGCGCCAAGAC","1",0.783248309407996
"929","CAAGGAGCGTGACAAG","1",0.909716455095504
"930","CAAGGAGCTTGCTGGA","1",0.993000355914106
"931","CAATGGAAAACGTGAT","1",0.368133823703879
"932","CAATGGAAACAAGCTA","3",0.958358049590699
"933","CAATGGAAACAGATTC","3",0.712065488195516
"934","CAATGGAAACATTGGC","3",0.681456875074149
"935","CAATGGAAACCACTGT","1",0.983153398979713
"936","CAATGGAAAGAGTCAA","3",0.955273460671491
"937","CAATGGAAAGATGTAC","1",0.91908885988848
"938","CAATGGAAAGCACCTC","7",0.90271681100961
"939","CAATGGAAAGCAGGAA","4",0.813263732352592
"940","CAATGGAAAGCCATGC","7",0.198837347253529
"941","CAATGGAAAGGCTAAC","1",0.897140823347965
"942","CAATGGAAATAGCGAC","6",0.893581682287341
"943","CAATGGAAATCATTCC","1",0.847431486534583
"944","CAATGGAAATGCCTAA","7",0.859295290069996
"945","CAATGGAAATTGGCTC","1",0.839364100130502
"946","CAATGGAACAAGGAGC","1",0.698066200023728
"947","CAATGGAACACCTTAC","1",0.833669474433503
"948","CAATGGAACAGATCTG","1",0.81492466484755
"949","CAATGGAACATCAAGT","6",0.912326491873295
"950","CAATGGAACCATCCTC","6",0.948867006762368
"951","CAATGGAACCGACAAC","1",0.720014236564242
"952","CAATGGAACCTAATCC","6",0.873057302171076
"953","CAATGGAACCTCTATC","1",0.629493415589038
"954","CAATGGAACGACACAC","6",0.430300154229446
"955","CAATGGAACGCTGATC","4",0.852058369913394
"956","CAATGGAACGGAAGAA","1",0.967018626171551
"957","CAATGGAACGGATTGC","1",0.799620358286867
"958","CAATGGAACTAAGGTC","1",0.289120892158026
"959","CAATGGAAGAACAGGC","4",0.874006406453909
"960","CAATGGAAGAACCAGA","1",0.896428995135841
"961","CAATGGAAGACAGTGC","6",0.467671135365998
"962","CAATGGAAGAGTTAGC","1",0.220310831652628
"963","CAATGGAAGATGAATC","1",0.892632578004508
"964","CAATGGAAGCCAAGAC","1",0.764028947680626
"965","CAATGGAAGTGACAAG","1",0.371455688693795
"966","CAATGGAATTGCTGGA","1",0.851702455807332
"967","CACCTTACCGACACAC","3",0.871515007711472
"968","CACCTTACCGGAAGAA","1",0.57705540396251
"969","CACCTTACCGGATTGC","4",0.458061454502313
"970","CACCTTACCTAAGGTC","3",0.583817771977696
"971","CACCTTACGAACAGGC","1",0.900937240479298
"972","CACCTTACGAACCAGA","1",0.476094435876142
"973","CACCTTACGACAGTGC","1",0.933325424130976
"974","CACCTTACGAGTTAGC","7",0.607426741013169
"975","CACCTTACGATGAATC","1",0.644916360185075
"976","CACCTTACGCCAAGAC","1",0.877090995373117
"977","CACCTTACGTGACAAG","1",0.869379523075098
"978","CACCTTACTTGCTGGA","1",0.632815280578954
"979","CACTTCGAAACGTGAT","1",0.816111045201091
"980","CACTTCGAACAAGCTA","4",0.827144382489026
"981","CACTTCGAACATTGGC","1",0.201566022066675
"982","CACTTCGAACCACTGT","1",0.74777553683711
"983","CACTTCGAAGCACCTC","3",0.879345118044845
"984","CACTTCGAAGCAGGAA","4",0.975204650610986
"985","CACTTCGAAGCCATGC","1",0.949460196939139
"986","CACTTCGAAGGCTAAC","1",0.729623917427927
"987","CACTTCGAAGTCACTA","3",0.359591885158382
"988","CACTTCGAATAGCGAC","1",0.263732352592241
"989","CACTTCGAATCATTCC","6",0.518448214497568
"990","CACTTCGAATGCCTAA","1",0.984102503262546
"991","CACTTCGAATTGGCTC","1",0.326847787400641
"992","CACTTCGACAAGGAGC","7",0.951951595681576
"993","CACTTCGACACCTTAC","1",0.803535413453553
"994","CACTTCGACAGATCTG","1",0.900581326373235
"995","CACTTCGACATCAAGT","1",0.868430418792265
"996","CACTTCGACCATCCTC","1",0.538735318543125
"997","CACTTCGACCGACAAC","1",0.978882429706964
"998","CACTTCGACCTAATCC","3",0.477399454265037
"999","CACTTCGACCTCTATC","1",0.884327915529719
"1000","CACTTCGACGACACAC","6",0.694625696998458
"1001","CACTTCGACGCTGATC","3",0.783604223514059
"1002","CACTTCGACGGAAGAA","1",0.777672321746352
"1003","CACTTCGACGGATTGC","1",0.909241902954087
"1004","CACTTCGACTAAGGTC","4",0.490568276189346
"1005","CACTTCGACTGTAGCC","5",0.382963578123146
"1006","CACTTCGAGAACAGGC","1",0.378218056708981
"1007","CACTTCGAGAACCAGA","1",0.781706014948392
"1008","CACTTCGAGACAGTGC","1",0.759876616443232
"1009","CACTTCGAGAGTTAGC","1",0.424842804603156
"1010","CACTTCGAGATGAATC","1",0.72653932850872
"1011","CACTTCGAGCCAAGAC","1",0.883734725352948
"1012","CACTTCGAGGAGAACA","4",0.319136315102622
"1013","CACTTCGAGGTGCGAA","4",0.051132993237632
"1014","CACTTCGAGTGACAAG","5",0.766520346423063
"1015","CACTTCGAGTGTTCTA","3",0.990508957171669
"1016","CACTTCGATTGCTGGA","1",0.565666152568513
"1017","CAGATCTGAAGAGATC","3",0.309645272274291
"1018","CAGATCTGACCTCCAA","4",0.309882548344999
"1019","CAGATCTGACGCTCGA","2",0.408352117688931
"1020","CAGATCTGAGAGTCAA","3",0.645509550361846
"1021","CAGATCTGCATACCAA","5",0.624866532210227
"1022","CAGATCTGCCAGTTCA","1",0.912682405979357
"1023","CAGATCTGGCTAACGA","2",0.159093605409894
"1024","CAGATCTGGCTCGGTA","2",0.395895123976747
"1025","CAGATCTGGGAGAACA","5",0.629137501482975
"1026","CAGATCTGGGTGCGAA","1",0.450705896310357
"1027","CAGATCTGGTACGCAA","4",0.0505398030608613
"1028","CAGATCTGGTCGTAGA","1",0.701625341084352
"1029","CAGATCTGGTCTGTCA","1",0.576343575750386
"1030","CAGATCTGGTGTTCTA","1",0.899632222090402
"1031","CAGATCTGTAGGATGA","1",0.47289120892158
"1032","CAGATCTGTATCAGCA","1",0.984814331474671
"1033","CAGATCTGTCCGTCTA","1",0.751809230039151
"1034","CAGATCTGTCTTCACA","5",0.736742199549175
"1035","CAGATCTGTGAAGAGA","1",0.96642543599478
"1036","CAGATCTGTGGAACAA","3",0.711946850160161
"1037","CAGATCTGTGGCTTCA","3",0.591173330169652
"1038","CAGCGTTAAACGTGAT","1",0.847194210463875
"1039","CAGCGTTAACAAGCTA","3",0.463162890022541
"1040","CAGCGTTAACACGACC","3",0.0817416063589987
"1041","CAGCGTTAACATTGGC","6",0.69498161110452
"1042","CAGCGTTAACCACTGT","1",0.714794163008661
"1043","CAGCGTTAACTATGCA","5",0.30359473247123
"1044","CAGCGTTAAGCCATGC","2",0.434452485466841
"1045","CAGCGTTAAGGCTAAC","1",0.480958595325661
"1046","CAGCGTTAAGTACAAG","4",0.744097757741132
"1047","CAGCGTTAATAGCGAC","1",0.991339423419148
"1048","CAGCGTTAATCATTCC","1",0.813975560564717
"1049","CAGCGTTAATGCCTAA","3",0.691422470043896
"1050","CAGCGTTAATTGGCTC","1",0.40775892751216
"1051","CAGCGTTACAAGGAGC","1",0.306204769249021
"1052","CAGCGTTACACCTTAC","1",0.246411199430537
"1053","CAGCGTTACAGATCTG","1",0.365879701032151
"1054","CAGCGTTACATCAAGT","1",0.73887768418555
"1055","CAGCGTTACCATCCTC","1",0.0360659627476569
"1056","CAGCGTTACCGACAAC","1",0.782180567089809
"1057","CAGCGTTACCTAATCC","1",0.72511567208447
"1058","CAGCGTTACCTCTATC","1",0.842923241191126
"1059","CAGCGTTACGACACAC","1",0.200498279748487
"1060","CAGCGTTACGCTGATC","3",0.529600189820857
"1061","CAGCGTTACGGAAGAA","1",0.505398030608613
"1062","CAGCGTTACGGATTGC","6",0.800450824534346
"1063","CAGCGTTACTAAGGTC","1",0.938901411792621
"1064","CAGCGTTAGAACAGGC","6",0.941511448570412
"1065","CAGCGTTAGAACCAGA","1",0.573258986831178
"1066","CAGCGTTAGACAGTGC","1",0.589156483568632
"1067","CAGCGTTAGAGTTAGC","1",0.467077945189228
"1068","CAGCGTTAGATGAATC","2",0.816822873413216
"1069","CAGCGTTAGCCAAGAC","1",0.752402420215921
"1070","CAGCGTTAGCTAACGA","3",0.0479297662830704
"1071","CAGCGTTAGTGACAAG","1",0.994779926444418
"1072","CAGCGTTATTGCTGGA","1",0.555937833669474
"1073","CATACCAAAACGTGAT","1",0.960493534227073
"1074","CATACCAAACAAGCTA","1",0.405148890734369
"1075","CATACCAAACATTGGC","1",0.747419622731048
"1076","CATACCAAACCACTGT","1",0.589631035710049
"1077","CATACCAAACGTATCA","7",0.845651916004271
"1078","CATACCAAACTATGCA","3",0.286273579309527
"1079","CATACCAAAGCACCTC","3",0.969035472772571
"1080","CATACCAAAGCCATGC","2",0.497805196345948
"1081","CATACCAAAGGCTAAC","3",0.703523549650018
"1082","CATACCAAAGTACAAG","1",0.549650017795705
"1083","CATACCAAATAGCGAC","1",0.809704591291968
"1084","CATACCAAATCATTCC","6",0.919563412029897
"1085","CATACCAAATGCCTAA","1",0.864396725590224
"1086","CATACCAAATTGGCTC","1",0.986356625934275
"1087","CATACCAACAAGGAGC","1",0.599240716573734
"1088","CATACCAACACCTTAC","1",0.533159330881481
"1089","CATACCAACAGATCTG","6",0.846838296357812
"1090","CATACCAACATCAAGT","6",0.97330644204532
"1091","CATACCAACCATCCTC","1",0.976984221141298
"1092","CATACCAACCGACAAC","6",0.58595325661407
"1093","CATACCAACCTAATCC","1",0.75869023608969
"1094","CATACCAACCTCTATC","6",0.874836872701388
"1095","CATACCAACGACACAC","1",0.897022185312611
"1096","CATACCAACGCTGATC","4",0.785265156009016
"1097","CATACCAACGGAAGAA","5",0.462332423775062
"1098","CATACCAACGGATTGC","1",0.921936172736979
"1099","CATACCAACTAAGGTC","1",0.432317000830466
"1100","CATACCAACTGTAGCC","4",0.159568157551311
"1101","CATACCAAGAACAGGC","1",0.523905564123858
"1102","CATACCAAGAACCAGA","7",0.867955866650848
"1103","CATACCAAGACAGTGC","1",0.71277731640764
"1104","CATACCAAGAGTTAGC","1",0.421758215683948
"1105","CATACCAAGATGAATC","3",0.980306086131214
"1106","CATACCAAGCCAAGAC","3",0.923478467196583
"1107","CATACCAAGCGAGTAA","5",0.403369320204057
"1108","CATACCAAGGTGCGAA","2",0.0875548700913513
"1109","CATACCAAGTGACAAG","3",0.778384149958477
"1110","CATACCAATAGGATGA","2",0.0236089690354728
"1111","CATACCAATATCAGCA","4",0.245462095147704
"1112","CATACCAATGAAGAGA","5",0.516431367896548
"1113","CATACCAATTGCTGGA","1",0.720488788705659
"1114","CATCAAGTAAGACGGA","2",0.861193498635663
"1115","CATCAAGTACGCTCGA","2",0.166567801637205
"1116","CATCAAGTACTATGCA","2",0.148416182228022
"1117","CATCAAGTAGATCGCA","2",0.686914224700439
"1118","CATCAAGTAGCACCTC","2",0.538379404437063
"1119","CATCAAGTATTGAGGA","3",0.37904852295646
"1120","CATCAAGTCAATGGAA","3",0.447977221497212
"1121","CATCAAGTCTCAATGA","5",0.0277613002728675
"1122","CATCAAGTGACTAGTA","2",0.351524498754301
"1123","CATCAAGTGAGCTGAA","5",0.988848024676711
"1124","CATCAAGTGGAGAACA","1",0.4146399335627
"1125","CATCAAGTGGTGCGAA","1",0.163720488788706
"1126","CATCAAGTGTACGCAA","1",0.326610511329932
"1127","CATCAAGTGTCGTAGA","6",0.551192312255309
"1128","CATCAAGTGTCTGTCA","1",0.530667932139044
"1129","CATCAAGTGTGTTCTA","5",0.80602681219599
"1130","CATCAAGTTAGGATGA","6",0.665559378336695
"1131","CATCAAGTTATCAGCA","2",0.321746351880413
"1132","CATCAAGTTCCGTCTA","2",0.419622731047574
"1133","CATCAAGTTCTTCACA","3",0.868904970933681
"1134","CATCAAGTTGAAGAGA","1",0.356981848380591
"1135","CATCAAGTTGGAACAA","4",0.358880056946257
"1136","CATCAAGTTGGCTTCA","5",0.504686202396488
"1137","CATCAAGTTTCACGCA","2",0.943884209277494
"1138","CCAGTTCAAACAACCA","2",0.811958713963697
"1139","CCAGTTCAAACGTGAT","3",0.948155178550243
"1140","CCAGTTCAACAAGCTA","5",0.270257444536718
"1141","CCAGTTCAACATTGGC","3",0.711590936054099
"1142","CCAGTTCAACCACTGT","1",0.346660339304781
"1143","CCAGTTCAAGCCATGC","3",0.699015304306561
"1144","CCAGTTCAAGGCTAAC","3",0.931901767706727
"1145","CCAGTTCAAGTACAAG","1",0.759402064301815
"1146","CCAGTTCAATAGCGAC","6",0.345711235021948
"1147","CCAGTTCAATCATTCC","1",0.866888124332661
"1148","CCAGTTCAATGCCTAA","3",0.428639221734488
"1149","CCAGTTCAATTGGCTC","1",0.0446079012931546
"1150","CCAGTTCACAAGGAGC","1",0.107367421995492
"1151","CCAGTTCACACCTTAC","1",0.975679202752402
"1152","CCAGTTCACAGATCTG","3",0.779095978170601
"1153","CCAGTTCACATCAAGT","3",0.358998694981611
"1154","CCAGTTCACCATCCTC","1",0.745521414165381
"1155","CCAGTTCACCGACAAC","1",0.883260173211532
"1156","CCAGTTCACCTAATCC","1",0.828568038913276
"1157","CCAGTTCACCTCTATC","1",0.964052675287697
"1158","CCAGTTCACGACACAC","1",0.741131806857278
"1159","CCAGTTCACGCTGATC","3",0.218293985051608
"1160","CCAGTTCACGGAAGAA","1",0.985407521651441
"1161","CCAGTTCACGGATTGC","1",0.528888361608732
"1162","CCAGTTCACTAAGGTC","1",0.85336338830229
"1163","CCAGTTCACTGTAGCC","3",0.650017795705303
"1164","CCAGTTCAGAACAGGC","1",0.51821093842686
"1165","CCAGTTCAGAACCAGA","1",0.52912563767944
"1166","CCAGTTCAGACAGTGC","1",0.857990271681101
"1167","CCAGTTCAGAGTTAGC","1",0.498517024558073
"1168","CCAGTTCAGATGAATC","1",0.40431842448689
"1169","CCAGTTCAGCCAAGAC","1",0.473840313204413
"1170","CCAGTTCAGTGACAAG","3",0.773757266579665
"1171","CCAGTTCATTGCTGGA","1",0.253292205481077
"1172","CCGAAGTAAACGTGAT","7",0.539921698896666
"1173","CCGAAGTAACAAGCTA","2",0.697235733776249
"1174","CCGAAGTAACATTGGC","1",0.847906038676
"1175","CCGAAGTAACCACTGT","1",0.428283307628426
"1176","CCGAAGTAAGCACCTC","3",0.918732945782418
"1177","CCGAAGTAAGCCATGC","3",0.734725352948155
"1178","CCGAAGTAAGGCTAAC","1",0.819551548226361
"1179","CCGAAGTAAGTACAAG","3",0.948036540514889
"1180","CCGAAGTAATAGCGAC","1",0.453434571123502
"1181","CCGAAGTAATCATTCC","1",0.683829635781231
"1182","CCGAAGTAATGCCTAA","1",0.665203464230632
"1183","CCGAAGTAATTGGCTC","1",0.825720726064776
"1184","CCGAAGTACAAGGAGC","1",0.508363981492467
"1185","CCGAAGTACACCTTAC","1",0.62237513346779
"1186","CCGAAGTACAGATCTG","2",0.76557124214023
"1187","CCGAAGTACATCAAGT","1",0.617273697947562
"1188","CCGAAGTACCATCCTC","1",0.261478229920513
"1189","CCGAAGTACCGACAAC","1",0.978645153636256
"1190","CCGAAGTACCTAATCC","3",0.651441452129553
"1191","CCGAAGTACCTCTATC","1",0.757622493771503
"1192","CCGAAGTACGACACAC","3",0.836991339423419
"1193","CCGAAGTACGCTGATC","1",0.916241547039981
"1194","CCGAAGTACGGAAGAA","1",0.350694032506822
"1195","CCGAAGTACGGATTGC","1",0.361490093724048
"1196","CCGAAGTACTAAGGTC","1",0.212480721319255
"1197","CCGAAGTAGAACAGGC","1",0.54146399335627
"1198","CCGAAGTAGAACCAGA","1",0.939138687863329
"1199","CCGAAGTAGACAGTGC","5",0.526515600901649
"1200","CCGAAGTAGAGTTAGC","1",0.158619053268478
"1201","CCGAAGTAGATGAATC","3",0.944358761418911
"1202","CCGAAGTAGCCAAGAC","1",0.786688812433266
"1203","CCGAAGTAGTGACAAG","1",0.697591647882311
"1204","CCGAAGTATCTTCACA","2",0.644797722149721
"1205","CCGAAGTATGAAGAGA","1",0.735911733301697
"1206","CCGAAGTATTGCTGGA","7",0.571479416300866
"1207","CCGACAACCCATCCTC","5",0.437062522244632
"1208","CCGACAACCGACACAC","7",0.357693676592716
"1209","CCGACAACCGGAAGAA","1",0.482382251749911
"1210","CCGACAACCGGATTGC","5",0.917665203464231
"1211","CCGACAACCTAAGGTC","1",0.861430774706371
"1212","CCGACAACCTCAATGA","2",0.89583580495907
"1213","CCGACAACGAACAGGC","1",0.83960137620121
"1214","CCGACAACGAACCAGA","1",0.654051488907344
"1215","CCGACAACGACAGTGC","1",0.0554039625103808
"1216","CCGACAACGAGTTAGC","4",0.47229801874481
"1217","CCGACAACGATGAATC","6",0.515600901649069
"1218","CCGACAACGCCAAGAC","1",0.109740182702574
"1219","CCGACAACGTGACAAG","1",0.886226124095385
"1220","CCGACAACTTGCTGGA","1",0.515956815755131
"1221","CCGTGAGAAACGCTTA","2",0.762605291256377
"1222","CCGTGAGAAACGTGAT","3",0.713370506584411
"1223","CCGTGAGAAAGACGGA","3",0.398979712895954
"1224","CCGTGAGAACATTGGC","3",0.772214972120062
"1225","CCGTGAGAAGGCTAAC","5",0.876379167160992
"1226","CCGTGAGAAGTACAAG","4",0.842804603155772
"1227","CCGTGAGAATAGCGAC","1",0.77933325424131
"1228","CCGTGAGAATCATTCC","1",0.662356151382133
"1229","CCGTGAGAATGCCTAA","3",0.92798671254004
"1230","CCGTGAGAATTGGCTC","1",0.211531617036422
"1231","CCGTGAGACAAGGAGC","6",0.54834499940681
"1232","CCGTGAGACACCTTAC","1",0.535769367659272
"1233","CCGTGAGACAGATCTG","3",0.415589037845533
"1234","CCGTGAGACAGCGTTA","2",0.232886463400166
"1235","CCGTGAGACATCAAGT","7",0.705421758215684
"1236","CCGTGAGACCATCCTC","1",0.798671254004034
"1237","CCGTGAGACCGACAAC","1",0.803891327559616
"1238","CCGTGAGACCTAATCC","1",0.756792027524024
"1239","CCGTGAGACCTCTATC","3",0.862142602918496
"1240","CCGTGAGACGACACAC","1",0.912801044014711
"1241","CCGTGAGACGCTGATC","1",0.83070352354965
"1242","CCGTGAGACGGAAGAA","1",0.949697473009847
"1243","CCGTGAGACGGATTGC","1",0.11851939731878
"1244","CCGTGAGACTAAGGTC","1",0.71621781943291
"1245","CCGTGAGAGAACAGGC","1",0.368489737809942
"1246","CCGTGAGAGAACCAGA","1",0.976272392929173
"1247","CCGTGAGAGACAGTGC","1",0.966662712065488
"1248","CCGTGAGAGAGTTAGC","1",0.689880175584292
"1249","CCGTGAGAGATGAATC","1",0.934511804484518
"1250","CCGTGAGAGCCAAGAC","1",0.945782417843161
"1251","CCGTGAGAGTGACAAG","1",0.817771977696049
"1252","CCGTGAGATTGCTGGA","1",0.871396369676118
"1253","CCTAATCCCCTAATCC","5",0.0741487720963341
"1254","CCTAATCCCGACACAC","3",0.958002135484636
"1255","CCTAATCCCGGAAGAA","1",0.561395183295765
"1256","CCTAATCCCGGATTGC","3",0.937596393403725
"1257","CCTAATCCCTAAGGTC","1",0.242970696405268
"1258","CCTAATCCGAACAGGC","1",0.672084470281172
"1259","CCTAATCCGAACCAGA","1",0.928935816822873
"1260","CCTAATCCGACAGTGC","1",0.90473365761063
"1261","CCTAATCCGAGTTAGC","1",0.689642899513584
"1262","CCTAATCCGATGAATC","1",0.545379048522956
"1263","CCTAATCCGCCAAGAC","1",0.306797959425792
"1264","CCTAATCCGTGACAAG","1",0.941867362676474
"1265","CCTAATCCTTGCTGGA","1",0.38450587258275
"1266","CCTCCTGAAACGTGAT","4",0.873413216277138
"1267","CCTCCTGAAAGACGGA","3",0.638035354134535
"1268","CCTCCTGAAATCCGTC","3",0.0601494839245462
"1269","CCTCCTGAACAAGCTA","1",0.89097164550955
"1270","CCTCCTGAACATTGGC","1",0.664966188159924
"1271","CCTCCTGAACCACTGT","1",0.860007118282121
"1272","CCTCCTGAAGCCATGC","5",0.312729861193499
"1273","CCTCCTGAAGTACAAG","3",0.750622849685609
"1274","CCTCCTGAATAGCGAC","3",0.855261596867956
"1275","CCTCCTGAATCATTCC","1",0.790959781706015
"1276","CCTCCTGAATTGGCTC","3",0.562581563649306
"1277","CCTCCTGACAACCACA","3",0.040574208091114
"1278","CCTCCTGACAAGGAGC","1",0.769367659271562
"1279","CCTCCTGACACCTTAC","1",0.942341914817891
"1280","CCTCCTGACAGATCTG","1",0.575513109502907
"1281","CCTCCTGACATCAAGT","5",0.959781706014948
"1282","CCTCCTGACCATCCTC","1",0.910072369201566
"1283","CCTCCTGACCGACAAC","1",0.0536243919800688
"1284","CCTCCTGACCTAATCC","6",0.278206192905445
"1285","CCTCCTGACCTCTATC","1",0.717878751927868
"1286","CCTCCTGACGACACAC","1",0.812433266105113
"1287","CCTCCTGACGCTGATC","1",0.353778621426029
"1288","CCTCCTGACGGAAGAA","1",0.594969747300985
"1289","CCTCCTGACGGATTGC","1",0.578597698422114
"1290","CCTCCTGACTAAGGTC","1",0.968679558666508
"1291","CCTCCTGACTGTAGCC","4",0.477280816229683
"1292","CCTCCTGAGAACAGGC","1",0.840075928342627
"1293","CCTCCTGAGAACCAGA","1",0.747538260766402
"1294","CCTCCTGAGACAGTGC","1",0.913156958120773
"1295","CCTCCTGAGAGTTAGC","1",0.288883616087318
"1296","CCTCCTGAGATGAATC","1",0.46601020287104
"1297","CCTCCTGAGCCAAGAC","1",0.741369082927987
"1298","CCTCCTGAGTGACAAG","3",0.814806026812196
"1299","CCTCCTGATCCGTCTA","2",0.0194566377980781
"1300","CCTCCTGATTGCTGGA","1",0.649780519634595
"1301","CCTCTATCCCTAATCC","5",0.0629967967730454
"1302","CCTCTATCCGACACAC","3",0.791078419741369
"1303","CCTCTATCCGGAAGAA","1",0.442045319729505
"1304","CCTCTATCCGGATTGC","1",0.779214616205956
"1305","CCTCTATCCTAAGGTC","1",0.356863210345237
"1306","CCTCTATCGAACAGGC","6",0.78823110689287
"1307","CCTCTATCGAACCAGA","6",0.466722031083165
"1308","CCTCTATCGACAGTGC","1",0.708031794993475
"1309","CCTCTATCGAGTTAGC","1",0.247123027642662
"1310","CCTCTATCGATGAATC","1",0.796535769367659
"1311","CCTCTATCGCCAAGAC","1",0.2783248309408
"1312","CCTCTATCGTGACAAG","1",0.884802467671135
"1313","CCTCTATCTTGCTGGA","1",0.794281646695931
"1314","CGAACTTAAACGCTTA","3",0.635425317356745
"1315","CGAACTTAAACGTGAT","3",0.82868667694863
"1316","CGAACTTAAAGACGGA","7",0.780994186736268
"1317","CGAACTTAACAAGCTA","1",0.774231818721082
"1318","CGAACTTAACATTGGC","1",0.408826669830348
"1319","CGAACTTAACCACTGT","1",0.370981136552379
"1320","CGAACTTAAGTACAAG","7",0.612528176533397
"1321","CGAACTTAATCATTCC","1",0.947917902479535
"1322","CGAACTTAATGCCTAA","4",0.563886582038201
"1323","CGAACTTAATTGGCTC","6",0.482144975679203
"1324","CGAACTTACAAGGAGC","1",0.974967374540278
"1325","CGAACTTACACCTTAC","1",0.617392335982916
"1326","CGAACTTACAGATCTG","1",0.854193854549769
"1327","CGAACTTACATCAAGT","1",0.513584055048048
"1328","CGAACTTACCATCCTC","1",0.135010084233005
"1329","CGAACTTACCGACAAC","1",0.931664491636018
"1330","CGAACTTACCTAATCC","1",0.0351168584648238
"1331","CGAACTTACCTCTATC","7",0.5222446316289
"1332","CGAACTTACGACACAC","1",0.627713845058726
"1333","CGAACTTACGCTGATC","6",0.743504567564361
"1334","CGAACTTACGGAAGAA","1",0.502906631866176
"1335","CGAACTTACGGATTGC","1",0.990271681100961
"1336","CGAACTTACTAAGGTC","1",0.63530667932139
"1337","CGAACTTACTGTAGCC","2",0.600901649068691
"1338","CGAACTTAGAACAGGC","1",0.923241191125875
"1339","CGAACTTAGAACCAGA","1",0.875548700913513
"1340","CGAACTTAGACAGTGC","1",0.162296832364456
"1341","CGAACTTAGAGTTAGC","1",0.931189939494602
"1342","CGAACTTAGATGAATC","1",0.602918495669712
"1343","CGAACTTAGCCAAGAC","6",0.927037608257207
"1344","CGAACTTAGTGACAAG","1",0.813145094317238
"1345","CGAACTTATTGCTGGA","1",0.908530074741962
"1346","CGACACACATAGCGAC","2",0.614545023134417
"1347","CGACACACATCATTCC","5",0.433384743148653
"1348","CGACACACCAAGGAGC","5",0.958239411555345
"1349","CGACACACCACCTTAC","5",0.140823347965358
"1350","CGACACACCCTCTATC","1",0.115197532328865
"1351","CGACACACCGACACAC","1",0.788942935104995
"1352","CGACACACCGGAAGAA","6",0.569937121841262
"1353","CGACACACCGGATTGC","1",0.655356507296239
"1354","CGACACACCTAAGGTC","4",0.937240479297663
"1355","CGACACACGAACAGGC","1",0.924071657373354
"1356","CGACACACGAACCAGA","1",0.816585597342508
"1357","CGACACACGACAGTGC","1",0.953019337999763
"1358","CGACACACGAGTTAGC","1",0.883378811246886
"1359","CGACACACGATGAATC","1",0.452841380946732
"1360","CGACACACGCCAAGAC","1",0.510974018270257
"1361","CGACACACGTGACAAG","6",0.345236682880531
"1362","CGACACACTTGCTGGA","1",0.664135721912445
"1363","CGACTGGAAACAACCA","2",0.6298493296951
"1364","CGACTGGAAACCGAGA","2",0.439909835093131
"1365","CGACTGGAAACGCTTA","2",0.719065132281409
"1366","CGACTGGAAACGTGAT","3",0.95207023371693
"1367","CGACTGGAACAAGCTA","3",0.533871159093605
"1368","CGACTGGAACATTGGC","1",0.733183058488551
"1369","CGACTGGAACCACTGT","2",0.567327085063471
"1370","CGACTGGAAGCCATGC","2",0.740182702574445
"1371","CGACTGGAAGTACAAG","5",0.543124925851228
"1372","CGACTGGAATAGCGAC","5",0.644679084114367
"1373","CGACTGGAATGCCTAA","3",0.884683829635781
"1374","CGACTGGAATTGGCTC","1",0.838414995847669
"1375","CGACTGGACAAGGAGC","1",0.37418436350694
"1376","CGACTGGACACCTTAC","1",0.992881717878752
"1377","CGACTGGACAGATCTG","3",0.610155415826314
"1378","CGACTGGACATCAAGT","3",0.43587614189109
"1379","CGACTGGACCATCCTC","1",0.859888480246767
"1380","CGACTGGACCGACAAC","6",0.157076758808874
"1381","CGACTGGACCTAATCC","7",0.558547870447265
"1382","CGACTGGACCTCTATC","1",0.85395657847906
"1383","CGACTGGACGACACAC","1",0.325898683117808
"1384","CGACTGGACGCTGATC","6",0.766164432317001
"1385","CGACTGGACGGAAGAA","1",0.908411436706608
"1386","CGACTGGACGGATTGC","1",0.738284494008779
"1387","CGACTGGACTAAGGTC","1",0.022066674575869
"1388","CGACTGGACTGTAGCC","5",0.653576936765927
"1389","CGACTGGAGAACAGGC","1",0.22066674575869
"1390","CGACTGGAGAACCAGA","1",0.675880887412504
"1391","CGACTGGAGACAGTGC","1",0.484873650492348
"1392","CGACTGGAGAGTTAGC","7",0.957408945307866
"1393","CGACTGGAGATGAATC","1",0.629730691659746
"1394","CGACTGGAGCCAAGAC","6",0.473128484992289
"1395","CGACTGGAGTGACAAG","3",0.534820263376439
"1396","CGACTGGATTGCTGGA","6",0.785502432079725
"1397","CGCATACAAACAACCA","2",0.478111282477162
"1398","CGCATACAAACGCTTA","3",0.410368964289951
"1399","CGCATACAAACGTGAT","3",0.911140111519753
"1400","CGCATACAAAGAGATC","2",0.0607426741013169
"1401","CGCATACAACATTGGC","5",0.792857990271681
"1402","CGCATACAACCACTGT","3",0.470993000355914
"1403","CGCATACAAGCCATGC","2",0.512516312729861
"1404","CGCATACAAGGCTAAC","5",0.0475738521770079
"1405","CGCATACAATCATTCC","3",0.682405979356982
"1406","CGCATACAATGCCTAA","3",0.91849566971171
"1407","CGCATACAATTGGCTC","1",0.861668050777079
"1408","CGCATACACAAGGAGC","1",0.977933325424131
"1409","CGCATACACACCTTAC","6",0.73543718116028
"1410","CGCATACACATCAAGT","1",0.689049709336813
"1411","CGCATACACCATCCTC","1",0.27690117451655
"1412","CGCATACACCGACAAC","1",0.502313441689406
"1413","CGCATACACCGTGAGA","2",0.269071064183177
"1414","CGCATACACCTAATCC","1",0.240004745521414
"1415","CGCATACACCTCTATC","6",0.798078063827263
"1416","CGCATACACGACACAC","1",0.0567089808992763
"1417","CGCATACACGGAAGAA","1",0.909360540989441
"1418","CGCATACACGGATTGC","1",0.815636493059675
"1419","CGCATACACTAAGGTC","1",0.94922292086843
"1420","CGCATACAGAACAGGC","6",0.549412741724997
"1421","CGCATACAGAACCAGA","1",0.690354727725709
"1422","CGCATACAGACAGTGC","1",0.505160754537905
"1423","CGCATACAGAGTTAGC","1",0.730098469569344
"1424","CGCATACAGATGAATC","1",0.900106774231819
"1425","CGCATACAGCCAAGAC","1",0.782061929054455
"1426","CGCATACAGTGACAAG","1",0.259935935460909
"1427","CGCATACATTGCTGGA","1",0.385454976865583
"1428","CGCTGATCAACGTGAT","3",0.633645746826433
"1429","CGCTGATCACACAGAA","3",0.615256851346542
"1430","CGCTGATCACATTGGC","2",0.547395895123977
"1431","CGCTGATCACCACTGT","2",0.496262901886345
"1432","CGCTGATCACTATGCA","3",0.885632933918614
"1433","CGCTGATCAGATGTAC","4",0.497686558310594
"1434","CGCTGATCAGCACCTC","2",0.928342626646103
"1435","CGCTGATCATGCCTAA","2",0.504093012219718
"1436","CGCTGATCCAAGGAGC","5",0.810890971645509
"1437","CGCTGATCCACCTTAC","3",0.427334203345593
"1438","CGCTGATCCATACCAA","3",0.991576699489856
"1439","CGCTGATCCATCAAGT","3",0.621900581326373
"1440","CGCTGATCCCATCCTC","5",0.165144145212955
"1441","CGCTGATCCCTAATCC","5",0.623086961679915
"1442","CGCTGATCCCTCTATC","2",0.150670304899751
"1443","CGCTGATCCGCTGATC","2",0.149009372404793
"1444","CGCTGATCGATGAATC","3",0.311187566733895
"1445","CGCTGATCGCTAACGA","7",0.943528295171432
"1446","CGCTGATCGGAGAACA","1",0.848855142958833
"1447","CGCTGATCGGTGCGAA","1",0.496618815992407
"1448","CGCTGATCGTACGCAA","7",0.987424368252462
"1449","CGCTGATCGTCGTAGA","4",0.958951239767469
"1450","CGCTGATCGTCTGTCA","1",0.45165500059319
"1451","CGCTGATCGTGTTCTA","1",0.691066555937834
"1452","CGCTGATCTAGGATGA","1",0.53398979712896
"1453","CGCTGATCTATCAGCA","1",0.905920037964171
"1454","CGCTGATCTCCGTCTA","3",0.70328627357931
"1455","CGCTGATCTCTTCACA","3",0.979356981848381
"1456","CGCTGATCTGAAGAGA","4",0.858108909716455
"1457","CGCTGATCTGGAACAA","6",0.675524973306442
"1458","CGCTGATCTGGCTTCA","5",0.727132518685491
"1459","CGCTGATCTGGTGGTA","5",0.658441096215447
"1460","CGCTGATCTTCACGCA","3",0.992407165737335
"1461","CGGAAGAACACCTTAC","3",0.347134891446198
"1462","CGGAAGAACCTAATCC","1",0.971289595444299
"1463","CGGAAGAACCTCTATC","1",0.550955036184601
"1464","CGGAAGAACGACACAC","1",0.441808043658797
"1465","CGGAAGAACGGAAGAA","1",0.937715031439079
"1466","CGGAAGAACGGATTGC","1",0.315695812077352
"1467","CGGAAGAACTAAGGTC","1",0.460196939138688
"1468","CGGAAGAAGAACAGGC","1",0.936765927156246
"1469","CGGAAGAAGAACCAGA","6",0.777197769604935
"1470","CGGAAGAAGACAGTGC","1",0.371811602799858
"1471","CGGAAGAAGAGTTAGC","1",0.238818365167873
"1472","CGGAAGAAGATGAATC","1",0.817653339660695
"1473","CGGAAGAAGCCAAGAC","1",0.239055641238581
"1474","CGGAAGAAGTGACAAG","1",0.313323051370269
"1475","CGGAAGAATTGCTGGA","1",0.465179736623561
"1476","CGGATTGCATCATTCC","2",0.402420215921224
"1477","CGGATTGCCCTCTATC","3",0.378099418673627
"1478","CGGATTGCCGACACAC","1",0.888242970696405
"1479","CGGATTGCCGGAAGAA","1",0.804247241665678
"1480","CGGATTGCCGGATTGC","3",0.82038201447384
"1481","CGGATTGCCTAAGGTC","1",0.572903072725116
"1482","CGGATTGCGAACAGGC","6",0.471467552497331
"1483","CGGATTGCGAACCAGA","1",0.488195515482264
"1484","CGGATTGCGACAGTGC","2",0.521770079487484
"1485","CGGATTGCGAGTTAGC","7",0.915529718827856
"1486","CGGATTGCGATGAATC","1",0.898683117807569
"1487","CGGATTGCGCCAAGAC","1",0.950290663186618
"1488","CGGATTGCGTGACAAG","6",0.793569818483806
"1489","CGGATTGCTTGCTGGA","1",0.973662356151382
"1490","CTAAGGTCATAGCGAC","3",0.349863566259343
"1491","CTAAGGTCATCATTCC","5",0.3701506703049
"1492","CTAAGGTCCCGACAAC","2",0.805314983983865
"1493","CTAAGGTCCCTAATCC","3",0.55925969865939
"1494","CTAAGGTCCCTCTATC","1",0.85538023490331
"1495","CTAAGGTCCGACACAC","7",0.765808518210938
"1496","CTAAGGTCCGGAAGAA","1",0.556293747775537
"1497","CTAAGGTCCGGATTGC","4",0.650729623917428
"1498","CTAAGGTCCTAAGGTC","1",0.595088385336339
"1499","CTAAGGTCGAACAGGC","4",0.542175821568395
"1500","CTAAGGTCGAACCAGA","1",0.876853719302408
"1501","CTAAGGTCGACAGTGC","6",0.667813501008423
"1502","CTAAGGTCGAGTTAGC","1",0.474552141416538
"1503","CTAAGGTCGATGAATC","6",0.534701625341084
"1504","CTAAGGTCGCCAAGAC","1",0.793095266342389
"1505","CTAAGGTCGTGACAAG","1",0.822280223039506
"1506","CTAAGGTCTATCAGCA","5",0.210345236682881
"1507","CTAAGGTCTTGCTGGA","1",0.821093842685965
"1508","CTCAATGAAACGTGAT","7",0.83758452960019
"1509","CTCAATGAACCACTGT","3",0.737216751690592
"1510","CTCAATGAATGCCTAA","3",0.964645865464468
"1511","CTCAATGAATTGGCTC","1",0.499940680982323
"1512","CTCAATGACAAGGAGC","1",0.950765215328034
"1513","CTCAATGACACCTTAC","1",0.203701506703049
"1514","CTCAATGACCATCCTC","7",0.985526159686796
"1515","CTCAATGACCGACAAC","1",0.794518922766639
"1516","CTCAATGACCTAATCC","1",0.801755842923241
"1517","CTCAATGACCTCTATC","1",0.893107130145925
"1518","CTCAATGACGACACAC","1",0.53114248428046
"1519","CTCAATGACGCTGATC","2",0.675406335271088
"1520","CTCAATGACGGAAGAA","1",0.980899276307984
"1521","CTCAATGACGGATTGC","1",0.955036184600783
"1522","CTCAATGACTAAGGTC","1",0.957053031201803
"1523","CTCAATGAGAACAGGC","1",0.318187210819789
"1524","CTCAATGAGAACCAGA","1",0.921224344524855
"1525","CTCAATGAGACAGTGC","1",0.596867955866651
"1526","CTCAATGAGAGTTAGC","6",0.7690117451655
"1527","CTCAATGAGATGAATC","7",0.939494601969391
"1528","CTCAATGAGCCAAGAC","6",0.892988492110571
"1529","CTCAATGAGTGACAAG","1",0.825364811958714
"1530","CTCAATGATTGCTGGA","1",0.289358168228734
"1531","CTGAGCCAATTGGCTC","3",0.562937477755368
"1532","CTGAGCCACAAGGAGC","3",0.450587258275003
"1533","CTGAGCCACACCTTAC","2",0.225056353066793
"1534","CTGAGCCACCATCCTC","1",0.674813145094317
"1535","CTGAGCCACCGACAAC","1",0.569462569699846
"1536","CTGAGCCACCTAATCC","1",0.801637204887887
"1537","CTGAGCCACCTCTATC","1",0.733064420453197
"1538","CTGAGCCACGACACAC","1",0.619171906513228
"1539","CTGAGCCACGGAAGAA","1",0.440621663305256
"1540","CTGAGCCACGGATTGC","1",0.749673745402776
"1541","CTGAGCCACTAAGGTC","1",0.387709099537312
"1542","CTGAGCCAGAACAGGC","1",0.920037964171313
"1543","CTGAGCCAGAACCAGA","1",0.367303357456401
"1544","CTGAGCCAGACAGTGC","1",0.378573970815043
"1545","CTGAGCCAGAGTTAGC","6",0.707794518922767
"1546","CTGAGCCAGATGAATC","1",0.500296595088385
"1547","CTGAGCCAGCCAAGAC","1",0.387590461501958
"1548","CTGAGCCAGTGACAAG","1",0.792620714200973
"1549","CTGAGCCATGGAACAA","2",0.455570055759877
"1550","CTGAGCCATTGCTGGA","1",0.694507058963104
"1551","CTGGCATAATCATTCC","5",0.410131688219243
"1552","CTGGCATACAAGGAGC","3",0.0221853126112232
"1553","CTGGCATACACCTTAC","5",0.706726776604579
"1554","CTGGCATACCATCCTC","3",0.681931427215565
"1555","CTGGCATACCGACAAC","1",0.703404911614664
"1556","CTGGCATACCTAATCC","1",0.083758452960019
"1557","CTGGCATACCTCTATC","1",0.706252224463163
"1558","CTGGCATACGACACAC","6",0.793213904377744
"1559","CTGGCATACGGAAGAA","1",0.482975441926682
"1560","CTGGCATACGGATTGC","1",0.728318899039032
"1561","CTGGCATACTAAGGTC","1",0.878158737691304
"1562","CTGGCATAGAACAGGC","1",0.433028829042591
"1563","CTGGCATAGAACCAGA","1",0.90675050421165
"1564","CTGGCATAGACAGTGC","1",0.796773045438368
"1565","CTGGCATAGAGTTAGC","1",0.849448333135603
"1566","CTGGCATAGATGAATC","4",0.476924902123621
"1567","CTGGCATAGCCAAGAC","1",0.625696998457706
"1568","CTGGCATAGTGACAAG","1",0.441570767588089
"1569","CTGGCATATTGCTGGA","1",0.648356863210345
"1570","CTGTAGCCAACGCTTA","3",0.426622375133468
"1571","CTGTAGCCAAGACGGA","3",0.728793451180448
"1572","CTGTAGCCAAGGACAC","3",0.938070945545142
"1573","CTGTAGCCAAGGTACA","4",0.279036659152924
"1574","CTGTAGCCACCACTGT","5",0.188753114248428
"1575","CTGTAGCCACCTCCAA","3",0.946968798196702
"1576","CTGTAGCCACGTATCA","5",0.703642187685372
"1577","CTGTAGCCAGATCGCA","2",0.920631154348084
"1578","CTGTAGCCATGCCTAA","2",0.789417487246411
"1579","CTGTAGCCATTGGCTC","5",0.133823703879464
"1580","CTGTAGCCCAGATCTG","5",0.846601020287104
"1581","CTGTAGCCCATCAAGT","2",0.817416063589987
"1582","CTGTAGCCCCGACAAC","2",0.540514889073437
"1583","CTGTAGCCCCTAATCC","5",0.0535057539447147
"1584","CTGTAGCCCCTCTATC","1",0.749911021473484
"1585","CTGTAGCCCGACACAC","2",0.873650492347847
"1586","CTGTAGCCCGACTGGA","5",0.740538616680508
"1587","CTGTAGCCCGCTGATC","3",0.720726064776367
"1588","CTGTAGCCCTCAATGA","3",0.914461976509669
"1589","CTGTAGCCGATGAATC","3",0.609324949578835
"1590","CTGTAGCCGCCAAGAC","3",0.469569343931664
"1591","CTGTAGCCGCGAGTAA","7",0.959663067979594
"1592","CTGTAGCCGCTCGGTA","5",0.92051251631273
"1593","CTGTAGCCGGAGAACA","5",0.894056234428758
"1594","CTGTAGCCGGTGCGAA","3",0.276782536481196
"1595","CTGTAGCCGTACGCAA","1",0.564242496144264
"1596","CTGTAGCCGTCGTAGA","4",0.743385929529007
"1597","CTGTAGCCGTCTGTCA","1",0.598766164432317
"1598","CTGTAGCCGTGTTCTA","1",0.36528651085538
"1599","CTGTAGCCTAGGATGA","7",0.801993118993949
"1600","CTGTAGCCTATCAGCA","4",0.990627595207023
"1601","CTGTAGCCTCCGTCTA","6",0.716455095503618
"1602","CTGTAGCCTCTTCACA","1",0.830940799620358
"1603","CTGTAGCCTGAAGAGA","1",0.70530312018033
"1604","CTGTAGCCTGGAACAA","4",0.595207023371693
"1605","CTGTAGCCTGGCTTCA","2",0.840431842448689
"1606","CTGTAGCCTGGTGGTA","5",0.714556886937952
"1607","CTGTAGCCTTCACGCA","3",0.643848617866888
"1608","GAACAGGCAGGCTAAC","2",0.191719065132281
"1609","GAACAGGCATAGCGAC","5",0.15553446434927
"1610","GAACAGGCCAAGGAGC","5",0.587139636967612
"1611","GAACAGGCCCTAATCC","3",0.248072131925495
"1612","GAACAGGCCCTCTATC","1",0.48463637442164
"1613","GAACAGGCCGACACAC","1",0.755487009135129
"1614","GAACAGGCCGGAAGAA","1",0.417843160517262
"1615","GAACAGGCCGGATTGC","1",0.883022897140823
"1616","GAACAGGCCTAAGGTC","1",0.758927512160399
"1617","GAACAGGCGAACAGGC","4",0.87519278680745
"1618","GAACAGGCGAACCAGA","1",0.951358405504805
"1619","GAACAGGCGACAGTGC","1",0.657729268003322
"1620","GAACAGGCGAGTTAGC","1",0.437655712421402
"1621","GAACAGGCGATGAATC","1",0.926444418080437
"1622","GAACAGGCGCCAAGAC","1",0.902954087080318
"1623","GAACAGGCGTGACAAG","1",0.709099537311662
"1624","GAACAGGCTTGCTGGA","1",0.793807094554514
"1625","GAACCAGAATAGCGAC","2",0.23846245106181
"1626","GAACCAGAATCATTCC","5",0.381658559734251
"1627","GAACCAGACACCTTAC","4",0.929173092893582
"1628","GAACCAGACCTCTATC","1",0.470281172143789
"1629","GAACCAGACGACACAC","3",0.514533159330882
"1630","GAACCAGACGGAAGAA","1",0.566971170957409
"1631","GAACCAGACGGATTGC","1",0.757147941630087
"1632","GAACCAGACTAAGGTC","1",0.762486653221023
"1633","GAACCAGAGAACAGGC","1",0.520109146992526
"1634","GAACCAGAGAACCAGA","3",0.901411792620714
"1635","GAACCAGAGACAGTGC","1",0.940680982322933
"1636","GAACCAGAGAGTTAGC","1",0.91019100723692
"1637","GAACCAGAGATGAATC","7",0.916122909004627
"1638","GAACCAGAGCCAAGAC","1",0.832601732115316
"1639","GAACCAGAGTGACAAG","4",0.828093486771859
"1640","GAACCAGATTGCTGGA","7",0.685016016134773
"1641","GAATCTGACACCTTAC","3",0.861074860600308
"1642","GAATCTGACCATCCTC","4",0.948392454620951
"1643","GAATCTGACCGACAAC","1",0.464942460552853
"1644","GAATCTGACCTAATCC","1",0.496856092063115
"1645","GAATCTGACCTCTATC","1",0.994305374303002
"1646","GAATCTGACGACACAC","1",0.678965476331712
"1647","GAATCTGACGGAAGAA","1",0.274172499703405
"1648","GAATCTGACGGATTGC","1",0.924664847550125
"1649","GAATCTGACTAAGGTC","1",0.837347253529482
"1650","GAATCTGAGAACAGGC","1",0.967493178312967
"1651","GAATCTGAGAACCAGA","1",0.480721319254953
"1652","GAATCTGAGACAGTGC","1",0.821331118756673
"1653","GAATCTGAGAGTTAGC","1",0.0409301221971764
"1654","GAATCTGAGATGAATC","7",0.752995610392692
"1655","GAATCTGAGCCAAGAC","1",0.472060742674101
"1656","GAATCTGAGTGACAAG","1",0.628069759164788
"1657","GAATCTGATGAAGAGA","5",0.872345473958951
"1658","GAATCTGATTGCTGGA","7",0.731166211887531
"1659","GACAGTGCCCTAATCC","3",0.191600427096927
"1660","GACAGTGCCCTCTATC","1",0.801399928817179
"1661","GACAGTGCCGACACAC","1",0.703998101791434
"1662","GACAGTGCCGGAAGAA","1",0.518685490568276
"1663","GACAGTGCCGGATTGC","1",0.45509550361846
"1664","GACAGTGCCTAAGGTC","1",0.470755724285206
"1665","GACAGTGCGAACAGGC","1",0.46541701269427
"1666","GACAGTGCGAACCAGA","6",0.84161822280223
"1667","GACAGTGCGACAGTGC","1",0.569818483805908
"1668","GACAGTGCGAGTTAGC","7",0.764384861786689
"1669","GACAGTGCGATGAATC","6",0.979594257919089
"1670","GACAGTGCGCCAAGAC","1",0.646933206786096
"1671","GACAGTGCGTGACAAG","1",0.484517736386285
"1672","GACAGTGCTTGCTGGA","1",0.975797840787757
"1673","GACTAGTAAACGCTTA","2",0.768299916953375
"1674","GACTAGTAAACGTGAT","1",0.945663779807806
"1675","GACTAGTAACAAGCTA","3",0.933562700201685
"1676","GACTAGTAACATTGGC","1",0.839008186024439
"1677","GACTAGTAACCACTGT","1",0.8163483212718
"1678","GACTAGTAAGATGTAC","1",0.783960137620121
"1679","GACTAGTAAGCACCTC","1",0.94862973069166
"1680","GACTAGTAAGCCATGC","7",0.583699133942342
"1681","GACTAGTAAGGCTAAC","1",0.467789773401352
"1682","GACTAGTAAGTACAAG","5",0.740775892751216
"1683","GACTAGTAATAGCGAC","1",0.913275596156128
"1684","GACTAGTAATCATTCC","2",0.917902479534939
"1685","GACTAGTAATGCCTAA","3",0.903191363151026
"1686","GACTAGTAATTGGCTC","1",0.230632340728438
"1687","GACTAGTACAAGGAGC","1",0.641950409301222
"1688","GACTAGTACACCTTAC","1",0.387115909360541
"1689","GACTAGTACAGATCTG","3",0.764266223751335
"1690","GACTAGTACATCAAGT","5",0.755368371099775
"1691","GACTAGTACCATCCTC","6",0.499584766876261
"1692","GACTAGTACCGACAAC","1",0.766757622493772
"1693","GACTAGTACCTAATCC","1",0.0354727725708862
"1694","GACTAGTACCTCTATC","1",0.660220666745759
"1695","GACTAGTACGACACAC","1",0.923003915055167
"1696","GACTAGTACGCTGATC","7",0.61205362439198
"1697","GACTAGTACGGAAGAA","1",0.600664372997983
"1698","GACTAGTACGGATTGC","1",0.740301340609799
"1699","GACTAGTACTAAGGTC","7",0.903428639221734
"1700","GACTAGTAGAACAGGC","1",0.77446909479179
"1701","GACTAGTAGAACCAGA","1",0.756317475382608
"1702","GACTAGTAGACAGTGC","1",0.831415351761775
"1703","GACTAGTAGAGTTAGC","1",0.263376438486179
"1704","GACTAGTAGATGAATC","3",0.802230395064658
"1705","GACTAGTAGCCAAGAC","1",0.528651085538024
"1706","GACTAGTAGTGACAAG","1",0.386166805077708
"1707","GACTAGTATGGTGGTA","2",0.902360896903547
"1708","GACTAGTATTGCTGGA","7",0.705659034286392
"1709","GAGCTGAAATAGCGAC","3",0.0291849566971171
"1710","GAGCTGAACCTAATCC","5",0.767113536599834
"1711","GAGCTGAACCTCTATC","6",0.628781587376913
"1712","GAGCTGAACGACACAC","1",0.808280934867719
"1713","GAGCTGAACGGAAGAA","1",0.446553565072962
"1714","GAGCTGAACGGATTGC","6",0.902242258868193
"1715","GAGCTGAACTAAGGTC","3",0.655000593190177
"1716","GAGCTGAAGAACAGGC","7",0.799857634357575
"1717","GAGCTGAAGAACCAGA","1",0.572547158619053
"1718","GAGCTGAAGACAGTGC","1",0.992763079843398
"1719","GAGCTGAAGAGTTAGC","1",0.602088029422233
"1720","GAGCTGAAGCCAAGAC","1",0.64705184482145
"1721","GAGCTGAAGTGACAAG","1",0.95954442994424
"1722","GAGCTGAATTGCTGGA","1",0.948511092656306
"1723","GAGTTAGCATAGCGAC","3",0.560564717048286
"1724","GAGTTAGCCCGACAAC","4",0.915173804721794
"1725","GAGTTAGCCCTAATCC","3",0.290307272511567
"1726","GAGTTAGCCCTCTATC","1",0.0595562937477755
"1727","GAGTTAGCCGACACAC","1",0.717048285680389
"1728","GAGTTAGCCGGAAGAA","1",0.738165855973425
"1729","GAGTTAGCCGGATTGC","1",0.850160161347728
"1730","GAGTTAGCCTAAGGTC","1",0.703760825720726
"1731","GAGTTAGCGAACAGGC","4",0.345592596986594
"1732","GAGTTAGCGAACCAGA","1",0.757385217700795
"1733","GAGTTAGCGACAGTGC","1",0.79226480009491
"1734","GAGTTAGCGAGTTAGC","1",0.825602088029422
"1735","GAGTTAGCGATGAATC","3",0.623324237750623
"1736","GAGTTAGCGCCAAGAC","1",0.326017321153162
"1737","GAGTTAGCGTGACAAG","1",0.255071776011389
"1738","GAGTTAGCTTGCTGGA","1",0.908885988848025
"1739","GATAGACAAGATGTAC","2",0.794400284731285
"1740","GATAGACACCGACAAC","5",0.886700676236801
"1741","GATAGACACCTAATCC","5",0.953256614070471
"1742","GATAGACACCTCTATC","4",0.706608138569225
"1743","GATAGACACGACACAC","1",0.722031083165263
"1744","GATAGACACGGAAGAA","1",0.947680626408827
"1745","GATAGACACGGATTGC","6",0.28437537074386
"1746","GATAGACACTAAGGTC","1",0.990746233242378
"1747","GATAGACAGAACAGGC","1",0.967967730454384
"1748","GATAGACAGAACCAGA","1",0.740657254715862
"1749","GATAGACAGACAGTGC","1",0.94720607426741
"1750","GATAGACAGAGTTAGC","1",0.787875192786807
"1751","GATAGACAGATGAATC","4",0.532684778740064
"1752","GATAGACAGCCAAGAC","6",0.51536362557836
"1753","GATAGACAGTGACAAG","1",0.760944358761419
"1754","GATAGACATTGCTGGA","1",0.812551904140467
"1755","GATGAATCCCGACAAC","3",0.948273816585597
"1756","GATGAATCCCTAATCC","3",0.408708031794993
"1757","GATGAATCCCTCTATC","1",0.823941155534464
"1758","GATGAATCCGACACAC","1",0.731878040099656
"1759","GATGAATCCGGAAGAA","1",0.394115553446435
"1760","GATGAATCCGGATTGC","1",0.54632815280579
"1761","GATGAATCCTAAGGTC","1",0.294222327678254
"1762","GATGAATCGAACAGGC","1",0.455925969865939
"1763","GATGAATCGAACCAGA","1",0.34547395895124
"1764","GATGAATCGACAGTGC","1",0.536362557836042
"1765","GATGAATCGAGTTAGC","1",0.310594376557124
"1766","GATGAATCGATGAATC","1",0.597342508008067
"1767","GATGAATCGCCAAGAC","4",0.389607308102978
"1768","GATGAATCGTGACAAG","1",0.824652983746589
"1769","GATGAATCTTGCTGGA","1",0.639103096452723
"1770","GCCAAGACCCTAATCC","3",0.903665915292443
"1771","GCCAAGACCCTCTATC","6",0.526041048760232
"1772","GCCAAGACCGACACAC","1",0.308340253885396
"1773","GCCAAGACCGGAAGAA","1",0.0500652509194448
"1774","GCCAAGACCGGATTGC","7",0.934749080555226
"1775","GCCAAGACCTAAGGTC","1",0.829042591054692
"1776","GCCAAGACGAACAGGC","1",0.530074741962273
"1777","GCCAAGACGAACCAGA","1",0.80400996559497
"1778","GCCAAGACGACAGTGC","1",0.817178787519279
"1779","GCCAAGACGAGTTAGC","1",0.819432910191007
"1780","GCCAAGACGATGAATC","1",0.911258749555107
"1781","GCCAAGACGCCAAGAC","7",0.844584173686084
"1782","GCCAAGACGTGACAAG","1",0.489144619765097
"1783","GCCAAGACTTGCTGGA","1",0.596393403725234
"1784","GCCACATACACCTTAC","2",0.879701032150908
"1785","GCCACATACCTCTATC","1",0.952307509787638
"1786","GCCACATACGACACAC","1",0.692134298256021
"1787","GCCACATACGGAAGAA","6",0.400403369320204
"1788","GCCACATACGGATTGC","1",0.861312136671017
"1789","GCCACATACTAAGGTC","1",0.743267291493653
"1790","GCCACATAGAACAGGC","1",0.822042946968798
"1791","GCCACATAGAACCAGA","1",0.980068810060505
"1792","GCCACATAGACAGTGC","1",0.600783011033337
"1793","GCCACATAGAGTTAGC","1",0.545853600664373
"1794","GCCACATAGATGAATC","1",0.694388420927749
"1795","GCCACATAGCCAAGAC","1",0.767825364811959
"1796","GCCACATAGTCTGTCA","2",0.319492229208684
"1797","GCCACATAGTGACAAG","1",0.740064064539091
"1798","GCCACATATTGCTGGA","1",0.870091351287223
"1799","GCGAGTAAACACGACC","2",0.462925613951833
"1800","GCGAGTAACCTCTATC","3",0.914699252580377
"1801","GCGAGTAACGACACAC","6",0.659627476568988
"1802","GCGAGTAACGGAAGAA","1",0.192074979238344
"1803","GCGAGTAACGGATTGC","1",0.0251512634950765
"1804","GCGAGTAACTAAGGTC","6",0.664610274053862
"1805","GCGAGTAAGAACAGGC","1",0.843872345473959
"1806","GCGAGTAAGAACCAGA","1",0.763198481433148
"1807","GCGAGTAAGACAGTGC","1",0.343457112350219
"1808","GCGAGTAAGAGTTAGC","1",0.171076046980662
"1809","GCGAGTAAGCCAAGAC","6",0.538498042472417
"1810","GCGAGTAAGTGACAAG","1",0.663779807806383
"1811","GCGAGTAATTGCTGGA","1",0.518329576462214
"1812","GCTAACGAACAGATTC","3",0.803654051488907
"1813","GCTAACGAAGGCTAAC","2",0.684897378099419
"1814","GCTAACGACAAGGAGC","2",0.943291019100724
"1815","GCTAACGACCGACAAC","2",0.858346185787163
"1816","GCTAACGACCTAATCC","3",0.61347728081623
"1817","GCTAACGACGACACAC","5",0.53944714675525
"1818","GCTAACGACGGAAGAA","1",0.677897734013525
"1819","GCTAACGACGGATTGC","1",0.0983509313085775
"1820","GCTAACGACTAAGGTC","1",0.154348083995729
"1821","GCTAACGAGAACAGGC","1",0.77043540158975
"1822","GCTAACGAGAACCAGA","6",0.901530430656068
"1823","GCTAACGAGACAGTGC","1",0.36872701388065
"1824","GCTAACGAGAGTTAGC","1",0.594139281053506
"1825","GCTAACGAGATGAATC","7",0.70186261715506
"1826","GCTAACGAGCCAAGAC","1",0.744928223988611
"1827","GCTAACGAGTGACAAG","6",0.594020643018152
"1828","GCTAACGATTGCTGGA","1",0.491280104401471
"1829","GCTCGGTAAATGTTGC","3",0
"1830","GCTCGGTAATAGCGAC","2",0.206074267410132
"1831","GCTCGGTACCGACAAC","2",0.627002016846601
"1832","GCTCGGTACGGAAGAA","6",0.644323170008305
"1833","GCTCGGTACGGATTGC","3",0.937833669474433
"1834","GCTCGGTAGAACAGGC","1",0.771503143907937
"1835","GCTCGGTAGAACCAGA","1",0.374540277613003
"1836","GCTCGGTAGACAGTGC","1",0.465535650729624
"1837","GCTCGGTAGAGTTAGC","1",0.933206786095622
"1838","GCTCGGTAGATGAATC","1",0.18910902835449
"1839","GCTCGGTAGCCAAGAC","1",0.486415944951952
"1840","GCTCGGTAGTGACAAG","1",0.19254953137976
"1841","GCTCGGTATTGCTGGA","1",0.874718234666034
"1842","GGAGAACACCATCCTC","5",0.183770316763554
"1843","GGAGAACACCTCTATC","5",0.425435994779926
"1844","GGAGAACACGACACAC","2",0.162890022541227
"1845","GGAGAACACGGAAGAA","7",0.95752758334322
"1846","GGAGAACACTAAGGTC","3",0.944951951595682
"1847","GGAGAACAGAACAGGC","3",0.965357693676593
"1848","GGAGAACAGAACCAGA","1",0.565784790603868
"1849","GGAGAACAGACAGTGC","1",0.0950290663186618
"1850","GGAGAACAGAGTTAGC","1",0.273342033455926
"1851","GGAGAACAGTCGTAGA","2",0.604698066200024
"1852","GGAGAACAGTGACAAG","4",0.329457824178432
"1853","GGAGAACATTGCTGGA","1",0.450943172381065
"1854","GGTGCGAAATCATTCC","1",0.0199311899394946
"1855","GGTGCGAACGGAAGAA","4",0.219005813263732
"1856","GGTGCGAAGAACAGGC","3",0.853126112231581
"1857","GGTGCGAAGAACCAGA","1",0.547989085300747
"1858","GGTGCGAAGACAGTGC","3",0.675643611341796
"1859","GGTGCGAAGAGTTAGC","6",0.522719183770317
"1860","GGTGCGAAGCCAAGAC","3",0.309763910309645
"1861","GGTGCGAAGTGACAAG","1",0.459485110926563
"1862","GGTGCGAATTGCTGGA","1",0.845770554039625
"1863","GTACGCAACGGAAGAA","1",0.8005694625697
"1864","GTACGCAAGAACCAGA","1",0.711472298018745
"1865","GTACGCAAGACAGTGC","1",0.571716692371574
"1866","GTACGCAAGAGTTAGC","1",0.928461264681457
"1867","GTACGCAAGATGAATC","1",0.864634001660933
"1868","GTACGCAAGCCAAGAC","4",0.707913156958121
"1869","GTACGCAAGTGACAAG","1",0.994068098232293
"1870","GTACGCAATTGCTGGA","1",0.177363862854431
"1871","GTCGTAGAACAGATTC","5",0.842211412979001
"1872","GTCGTAGAAGCCATGC","6",0.878989203938783
"1873","GTCGTAGAAGGCTAAC","3",0.0569462569699846
"1874","GTCGTAGACAAGGAGC","5",0.24190295408708
"1875","GTCGTAGACCTCTATC","5",0.122197176414759
"1876","GTCGTAGACGACACAC","2",0.784553327796892
"1877","GTCGTAGACGGAAGAA","6",0.996678135010084
"1878","GTCGTAGAGAACCAGA","1",0.762368015185669
"1879","GTCGTAGAGACAGTGC","1",0.926800332186499
"1880","GTCGTAGAGAGTTAGC","1",0.931308577529956
"1881","GTCGTAGAGATGAATC","3",0.208921580258631
"1882","GTCGTAGAGCCAAGAC","1",0.376675762249377
"1883","GTCGTAGAGTGACAAG","1",0.327085063471349
"1884","GTCGTAGATGGAACAA","3",0.820263376438486
"1885","GTCGTAGATGGTGGTA","2",0.653102384624511
"1886","GTCGTAGATTGCTGGA","1",0.748250088978527
"1887","GTCTGTCAAGGCTAAC","2",0.788705659034286
"1888","GTCTGTCACAAGGAGC","4",0.0806738640408115
"1889","GTCTGTCACCATCCTC","5",0.45853600664373
"1890","GTCTGTCACCGACAAC","5",0.835211768893107
"1891","GTCTGTCACGACACAC","3",0.583224581800925
"1892","GTCTGTCACGGAAGAA","1",0.668643967255902
"1893","GTCTGTCACGGATTGC","2",0.193379997627239
"1894","GTCTGTCAGAACCAGA","1",0.237394708743623
"1895","GTCTGTCAGACAGTGC","1",0.912563767944003
"1896","GTCTGTCAGAGTTAGC","6",0.10558785146518
"1897","GTCTGTCAGATGAATC","3",0.525091944477399
"1898","GTCTGTCAGCCAAGAC","1",0.543599477992644
"1899","GTCTGTCAGTGACAAG","6",0.952544785858346
"1900","GTCTGTCATTGCTGGA","1",0.537074386048167
"1901","GTGACAAGCCTAATCC","5",0.702574445367185
"1902","GTGACAAGCCTCTATC","3",0.835923597105232
"1903","GTGACAAGCGACACAC","6",0.799501720251513
"1904","GTGACAAGCGGAAGAA","1",0.42294459603749
"1905","GTGACAAGCGGATTGC","1",0.443350338118401
"1906","GTGACAAGCTAAGGTC","1",0.688931071301459
"1907","GTGACAAGGAACAGGC","1",0.795468027049472
"1908","GTGACAAGGAACCAGA","1",0.970577767232175
"1909","GTGACAAGGACAGTGC","1",0.671609918139756
"1910","GTGACAAGGAGTTAGC","1",0.701388065013643
"1911","GTGACAAGGATGAATC","1",0.501245699371218
"1912","GTGACAAGGCCAAGAC","1",0.540277613002729
"1913","GTGACAAGGTGACAAG","1",0.723217463518804
"1914","GTGACAAGTTGCTGGA","3",0.513109502906632
"1915","GTGTTCTAATTGGCTC","2",0.22956459841025
"1916","GTGTTCTACCTAATCC","5",0.70043896073081
"1917","GTGTTCTACCTCTATC","2",0.0424724166567802
"1918","GTGTTCTACGACACAC","4",0.359947799264444
"1919","GTGTTCTACGGAAGAA","1",0.815755131095029
"1920","GTGTTCTAGAACAGGC","2",0.28579902716811
"1921","GTGTTCTAGAACCAGA","1",0.6929647645035
"1922","GTGTTCTAGAGTTAGC","1",0.11792620714201
"1923","GTGTTCTAGCCAAGAC","1",0.725708862261241
"1924","GTGTTCTAGTGACAAG","6",0.686558310594377
"1925","GTGTTCTATTGCTGGA","1",0.9555107367422
"1926","TAGGATGACACCTTAC","5",0.0708269071064183
"1927","TAGGATGACGGAAGAA","6",0.718116027998576
"1928","TAGGATGACGGATTGC","2",0.845414639933563
"1929","TAGGATGAGAACCAGA","1",0.605647170482857
"1930","TAGGATGAGACAGTGC","3",0.738403132044133
"1931","TAGGATGAGAGTTAGC","4",0.637323525922411
"1932","TAGGATGAGCCAAGAC","1",0.965713607782655
"1933","TAGGATGAGTGACAAG","1",0.960137620121011
"1934","TAGGATGATTGCTGGA","1",0.429944240123384
"1935","TATCAGCAACAGATTC","2",0.636374421639578
"1936","TATCAGCACACCTTAC","1",0.933681338237039
"1937","TATCAGCACGACACAC","5",0.20832839008186
"1938","TATCAGCACGGAAGAA","6",0.644085893937596
"1939","TATCAGCACGGATTGC","3",0.014948392454621
"1940","TATCAGCAGAACCAGA","1",0.522007355558192
"1941","TATCAGCAGAGTTAGC","5",0.176889310713015
"1942","TATCAGCAGATGAATC","1",0.396132400047455
"1943","TATCAGCAGCCAAGAC","1",0.58939375963934
"1944","TATCAGCAGTGACAAG","1",0.843516431367897
"1945","TATCAGCATGGTGGTA","5",0.0312018032981374
"1946","TATCAGCATTGCTGGA","1",0.964883141535176
"1947","TCCGTCTACCTAATCC","5",0.902123620832839
"1948","TCCGTCTACGACACAC","5",0.881361964645865
"1949","TCCGTCTACGGAAGAA","1",0.178075691066556
"1950","TCCGTCTACGGATTGC","4",0.0584885514295883
"1951","TCCGTCTAGAACCAGA","1",0.905208209752047
"1952","TCCGTCTAGAGTTAGC","1",0.645865464467908
"1953","TCCGTCTAGATGAATC","3",0.680389132755962
"1954","TCCGTCTAGCCAAGAC","6",0.899394946019694
"1955","TCCGTCTAGTGACAAG","6",0.411080792502076
"1956","TCCGTCTATTGCTGGA","1",0.608375845296002
"1957","TCTTCACACCTCTATC","5",0.350338118400759
"1958","TCTTCACACGGAAGAA","1",0.827856210701151
"1959","TCTTCACAGAACCAGA","1",0.968323644560446
"1960","TCTTCACAGACAGTGC","2",0.386878633289833
"1961","TCTTCACAGATGAATC","2",0.351999050895717
"1962","TCTTCACAGCCAAGAC","1",0.764978051963459
"1963","TCTTCACAGTGACAAG","1",0.575394471467553
"1964","TCTTCACATTGCTGGA","1",0.255902242258868
"1965","TGAAGAGACCATCCTC","3",0.153043065606834
"1966","TGAAGAGACGACACAC","3",0.413690829279867
"1967","TGAAGAGACGGAAGAA","1",0.624036065962748
"1968","TGAAGAGACGGATTGC","7",0.73057302171076
"1969","TGAAGAGAGAACCAGA","1",0.993356270020168
"1970","TGAAGAGAGACAGTGC","2",0.635662593427453
"1971","TGAAGAGAGATGAATC","4",0.229327322339542
"1972","TGAAGAGAGCCAAGAC","7",0.868786332898327
"1973","TGAAGAGAGTGACAAG","1",0.857871633645747
"1974","TGAAGAGATTGCTGGA","1",0.979712895954443
"1975","TGGAACAACCATCCTC","5",0.743623205599715
"1976","TGGAACAACGGAAGAA","4",0
"1977","TGGAACAACTAAGGTC","2",0.927512160398624
"1978","TGGAACAAGAACCAGA","1",0.82726302052438
"1979","TGGAACAAGTGACAAG","4",0.0425910546921343
"1980","TGGAACAATTGCTGGA","1",0.759520702337169
"1981","TGGCTTCACCATCCTC","3",0.0427096927274884
"1982","TGGCTTCACGACACAC","3",0.389251393996915
"1983","TGGCTTCACGGAAGAA","2",0.877446909479179
"1984","TGGCTTCAGAACCAGA","1",0.934155890378455
"1985","TGGCTTCAGTGACAAG","4",0.818009253766758
"1986","TGGCTTCATTGCTGGA","1",0.417961798552616
"1987","TGGTGGTAACAGATTC","5",0.874125044489263
"1988","TGGTGGTACGACACAC","2",0.388183651678728
"1989","TGGTGGTAGAACCAGA","1",0.964764503499822
"1990","TGGTGGTAGTGACAAG","2",0.934393166449164
"1991","TGGTGGTATTGCTGGA","1",0.721793807094555
"1992","TTCACGCAGAACCAGA","1",0.965594969747301
"1993","TTCACGCAGCCAAGAC","5",0.974611460434215
"1994","TTCACGCATTGCTGGA","1",0.765215328034168
"1995","TTGCTGGACCTAATCC","3",0.957290307272512
"1996","TTGCTGGACCTCTATC","4",0.231462806975916
"1997","TTGCTGGACGACACAC","1",0.842685965120418
"1998","TTGCTGGACGGAAGAA","1",0.848143314746708
"1999","TTGCTGGACGGATTGC","1",0.889073436943884
"2000","TTGCTGGACTAAGGTC","5",0.635543955392099
"2001","TTGCTGGAGAACAGGC","1",0.75809704591292
"2002","TTGCTGGAGACAGTGC","1",0.603630323881836
"2003","TTGCTGGAGAGTTAGC","1",0.920749792383438
"2004","TTGCTGGAGATGAATC","1",0.922648000949104
"2005","TTGCTGGAGCCAAGAC","3",0.412979001067742
"2006","TTGCTGGAGTGACAAG","1",0.836042235140586
